# Host: localhost  (Version 5.5.5-10.4.17-MariaDB)
# Date: 2021-06-30 18:58:13
# Generator: MySQL-Front 6.0  (Build 2.20)


#
# Structure for table "tb_bebanreal"
#

DROP TABLE IF EXISTS `tb_bebanreal`;
CREATE TABLE `tb_bebanreal` (
  `id` int(11) NOT NULL AUTO_INCREMENT,
  `id_gardu` int(11) NOT NULL,
  `nilai` double NOT NULL,
  `waktu` enum('Siang','Malam') NOT NULL,
  PRIMARY KEY (`id`),
  KEY `id_gardu` (`id_gardu`),
  CONSTRAINT `tb_bebanreal_ibfk_1` FOREIGN KEY (`id_gardu`) REFERENCES `tb_pelaksana` (`id`) ON DELETE CASCADE ON UPDATE CASCADE
) ENGINE=InnoDB AUTO_INCREMENT=7 DEFAULT CHARSET=utf8mb4;

#
# Data for table "tb_bebanreal"
#

INSERT INTO `tb_bebanreal` VALUES (5,9,100.31,'Siang'),(6,9,136.95,'Malam');

#
# Structure for table "tb_gambar"
#

DROP TABLE IF EXISTS `tb_gambar`;
CREATE TABLE `tb_gambar` (
  `id` int(11) NOT NULL AUTO_INCREMENT,
  `id_gardu` int(11) NOT NULL,
  `nama_gambar` varchar(100) NOT NULL,
  `tipe_gambar` varchar(50) NOT NULL,
  `gambar` blob NOT NULL,
  `keterangan_gambar` varchar(200) DEFAULT NULL,
  `ukuran_gambar` float NOT NULL,
  PRIMARY KEY (`id`),
  UNIQUE KEY `id` (`id`)
) ENGINE=InnoDB AUTO_INCREMENT=6 DEFAULT CHARSET=latin1;

#
# Data for table "tb_gambar"
#

INSERT INTO `tb_gambar` VALUES (2,11,'ATT11.png','image/png',X'6956424F5277304B47676F414141414E5355684555674141427338414141776A434159414141416345763652414141414247644254554541414C474F665074526B7741414143426A53464A4E41414348447741416A41384141503153414143425141414166586B41414F6D4C41414138355141414763787A504956334141414B4C326C445131424A51304D6755484A765A6D6C735A514141534D65646C6E6455564E635768382B39643371687A544453475871544C6A4341394334674851525247475947474D6F417777784E6249696F51455152455146466B4B434141614F68534B79495969456F7147415053424251596A434B714B686B52745A4B66486C35372B586C393865393339706E3733503332587566745334414A4538664C6938466C6749676D53666742336F3430316546523943782F514147654941427067417757656D70766B48757755416B4C7A6358657272494366794C336777425350792B5A656A70543665442F302F537246532B414144495838546D6245343653385435496B374B464B534B37544D697073596B69686C47695A6B76536C4445636D4B4F572B536C6E3330573256484D37475165573854696E46505A79577778393468346534615149324C45523851464756784F706F68766931677A535A6A4D466646626357777968356B4F41496F6B74677334724867526D3469597841384F6442487863674277704C67764F4F594C466E4379424F4A447561536B5A764F35636645437569354C6A32357162633267653349796B7A67436761452F6B355849354C50704C696E4A715578654E67434C5A2F347347584674366149695735706157316F616D686D5A666C476F2F3772344E79587537534B3943766A634D346A5739346674722F7853366742677A497071732B73505738782B41447132416942332F772B62356945414A45563961372F7878586C6F346E6D4A467768536259794E4D7A4D7A6A6267636C7047346F4C2F72667A7238445833785053507864722B58682B374B6957554B6B775230636431594B556B70516A3439505A584A3474414E2F7A7A452F7A6A77722F4E594773694A356641355046464571476A4B754C773455627435624B36416D384B6A63336E2F71596E2F4D4F7850577078726B536A316E7741317967684933614143354F632B674B495141524A35554E7A31332F766D6777384634707358706A71784F50656642663337726E434A2B4A484F6A667363357849595447634A2B526D4C612B4A7243644341414351424663674446614142644945684D414E5777425934416A6577417669425942414F316749576941664A67413879515337594441704145646746396F4A4B5541507151534E6F41536441427A674E4C6F444C3444713443653641423241456A49506E5941613841664D51424745684D6B53423543465653417379674D7767426D51507555452B55434155446B564463524150456B4B353042616F434371464B71466171424836466A6F465859437551675051505767556D6F4A2B6864374443457943716241797241306277777A5943666147672B453163427963427566412B66424F75414B7567342F42376641462B447038427836426E384F7A43454349434131525177775242754B432B43455253437A43527A596768556735556F6530494631494C33494C4755476D6B58636F444971436F714D4D5562596F54315149696F564B5132314146614D715555645237616765314333554B476F4739516C4E526975684464413261432F304B6E51634F684E64674335484E364462304A66516439446A36446359444961473063465959547778345A67457A44704D4D6559417068567A486A4F414763504D5972465965617742316737726832566942646743374837734D657735374342324850735752385370347378773772674948412B58687976484E65484F34675A78453768357642526543322B4439384F7A38646E34456E77397667742F417A2B4F6E79644945335149646F526751674A684D36474330454B34524868496545556B4574574A317351414970653469566842504536385168776C7669504A6B50524A4C7152496B7043306B335345644A35306A2F534B54435A726B78334A45575142655365356B5879522F4A6A38566F4969595354684A634757324368524A6445754D536A7851684976715358704A4C6C574D6B657958504B6B3541334A61536D386C4C615569785254616F4E556C6451707157477057576D4B744B6D306E335379644C46306B2F525636556B5A724979326A4A734D57795A663572444D525A6B78436B4C526F4C6851574A51746C48724B4A636F34465550566F5870524536684631472B6F2F64515A57526E5A5A624B68736C6D7956624A6E5A45646F43453262356B564C6F70585154744347614F2B584B43397857734A5A736D4E4A79354C424A584E79696E4B4F6368793551726C5775547479372B5870386D377969664B373554766B48796D6746505156416851794651347158464B5956715171326971794641735654796A6556344B56394A55436C6459704856627155357056566C4832554535563371393855586C6168616269714A4B6755715A79566D564B6C614A71723870564C564D39702F714D4C6B74336F6966524B2B673939426B314A5456504E6146617256712F327279366A6E714965703536712F6F6A4459494751794E576F30796A57324E4755315854567A4E5873316E7A76685A65693645567237565071316472546C74484F3078376D3361483971534F6E493658546F354F7338354458624B7567323661627033756254324D486B4D7655652B41336B3139574E39435031362F53762B4741577867616341314F4741777342533931486F7062326E64306D46446B71475459595A68732B476F4563334978796A50714D506F6862476D6359547862754E653430386D46695A4A4A76556D4430786C5446655935706C326D663571706D2F474D7173797532314F4E6E633333326A65616635796D6345797A724B44792B3561554378384C625A5A64467438744C5379354675325745355A615670465731566244544F6F444839474D654F4B4E6472613258716A39576E72647A61574E674B62457A612F324272614A746F323255347531316E4F5756362F664D784F3359357056327333596B2B336A37592F5A442F696F4F6241644B687A654F4B6F3463683262484363634E4A7A536E4136357654433263535A37397A6D504F646934374C65356277723475726857756A613779626A46754A5736666259586430397A72335A66636244776D4F6478336C50744B6533353237505953396C4C355A586F39664D4371735636316630654A4F3867377772765A2F34365076776662703859643856766E74384836375557736C62326545482F4C7A383976673938746678542F502F506741543442395146664130304451774E3741336942495546645155394362594F62676B2B454749626F6777704474554D6A5179744446304C737731724452735A4A587871765772726F6372684850444F794F77456145524452477A7139315737313039486D6B525752413574455A6E54646161713273563169617450524D6C4763574D4F686D4E6A67364C626F722B7750526A316A466E59377869716D4E6D5743367366617A6E624564324758754B5938637035557A4532735757786B374732635874695A754B643467766A352F6D756E41727553385450424E71457559532F524B504A43346B685357314A754F536F354E503857523469627965464A5755724A534256495055677453524E4A753076576B7A6647392B517A715576696139553041562F557A31435857465734576A4766595A56526C764D304D7A54325A4A5A2F47792B724C317333646B542B5334353379394472574F7461343756793133632B376F657166317452756744544562756A6471624D7A664F4C374A593950527A59544E695A742F7944504A4B383137765356735331652B6376366D2F4C4774486C75624379514B2B41584432327933315778486265647537393968766D502F6A6B2B46374D4A7252535A4635555566696C6E46313734792F61726971345764735476375379784C44753743374F4C74477472747350746F7158527054756E59487438393757583073734B793133756A396C347458315A6573342B7754376876704D4B6E6F6E4F2F357635642B7A3955786C666571584B75617131577174355250586541665744776F4F50426C68726C6D714B6139346534682B37576574533231326E586C522F47484D34342F4C512B744C3733613862586A51304B4455554E48342F776A6F776344547A6130326A56324E696B314654534444634C6D36654F525236372B5933724E35307468693231726254576F7550677550443473322B6A76783036345832692B79546A5A4D743357743956743148614374756839757A326D5937346A70484F384D36425579744F6458665A64725639622F54396B644E717036764F794A34704F5573346D33393234567A4F75646E7A7165656E4C385264474F754F366E357763645846327A304250663258764339647565782B2B574B76552B2B354B335A58546C2B317558727147754E617833584C362B3139466E317450316A38304E5A763264392B772B7047353033726D3130447977664F446A6F4D58726A6C6575767962612F62312B2B7376444D7746444A30647A6879654F51752B2B376B766152374C2B396E334A392F734F6B682B6D486849366C4835592B56487466397150646A36346A6C794A6C523139472B4A304650486F79787870372F6C503754682F4838702B536E35524F71453432545A704F6E7039796E626A35622F577A386565727A2B656D436E36562F726E36682B2B4B375878782F365A745A4E54502B6B76397934646669562F4B766A72786539727037316E2F32385A766B4E2F4E7A68572F6C3378353978336A582B7A37732F635238356766736834715065682B37506E6C2F65726951764C4477472F6545382F733342436B65414141414358424957584D414143346A414141754977463470543932414141414958524657485244636D566864476C76626942556157316C414449774D6A41364D4463364D5455674D5451364E4441364D7A597734457A69414144726E306C455156523458757A64423643655A586B33384F742B336E4F7953466743435967344D495049456D6464434E6F365772564F524F3277746B3043714C525737553550683231784644466B664771586458316971375732316C7156447175326A5941514D717131316F4534716F4B73354C7A3364372F6E7565766E4943486A6A4866386675462B6E7575363368646249446E4A4F66397A33302F4B4F516341414D432B70496D4A4A754B5A597847336A63567843357159764C6D4A50597648597547657364677A66797A79485531304F30334D4C36736E4E30336B336439526C7A565637326C69764E613775393149593932704F7658717371627138663966337A375A6A6161734E4B38625937667669567648397354597A587569733767624E39355733724E6754385137397554313639763341774141774345536E674541514A394B4539766D785A473746385859676B58525443364B4E4C596F636C346371566B5530533131737A436157426A64376F4A497161785955503675736D4A2B5751764B6538763755766E3765765855624C7A5538306F3972393748707534787463624B2B3873382F57382F586C616E724637514E5662762F617A336963316B57623051375936363970522F706A764B50314E6239326135724E5362543931373839316C33666F64723931572F7164754B3357355436336249366662796A393972664F7470622B6C764F6557794E3279536A335765332B6E314C747669636D6262346D76336E704C586E3932372F38654141414141306834426741413079524E584C6B676C6831316548544879756F63475A336D794569784A4C706C4E586C7865637669794B564F635868356439745072664A614C6E3376765247486C62576F726C36497857447142584D33747975586C5770642B39793731316D4F6D38702F2B32394F72636E65506264313733376262562B506A2B79364B622F39476231674541414167466B6750414D4167436F3154596F2F2B4D5152735744426B54475A6A34366D63335435452F5052305330724E556448354B504B7534364B464565552B7368536C39554C77715A57722B37742B6F4C703176756B3756746C66624F757235585231794B6E723565666E313876723561567668464E62315A65363832367A64646A392B367678662F63397057382F717862797438444141444166684B6541514177744E4B476A7838655930636445796D4F69636D794F6E46635243347233613238664D7A33724B504C3667566776534D4B595A6A6358745A58792F724B7431636273765543754B2B5775746558316230784A6964766A4F343376357776666D6A764B457341414943524A4477444147426770504F75364D536A567838624D6234736F6E746370485263354C51736D69697A334E5A5241374C6561343439684950564F314C7978724B2B556E34396C587671315464476A692B585833733352496F76784A3530512B793539596238346A4F2B3376736241414141686F5877444143414F5A636D7473324C6F324A5A7A47744F6947695752596F54497366786B61624373444C4C5A615779706E61494E62322F422B676274355631773764583774317A57656D4C30593350545156747A6131666948566E666A6C33757A3442425141412B703777444143414754563164474973506A45366E524F6A535364476A68504C2B4F365253683154645338553678326A6D4D6F43686C66762B4D67766C765746647558652F664F52382B6569573162542B5678386166666E3876725664355135414144416E42476541514277304B5A326A433064507A465339365349356C356C31467633694D686C7864334C4F337268324F466C41657950626C6D39485779666D7772565576707335506A7638706C723662756C376E346D4C6A7A3153336177415141414D306C34426744415871574A4B7866454D6366664B3570654B4A624C76626C6E755A38554F5A3030316165706F7851646F776A4D706C764C2B712F49385A6E796365697A70663776736A347A31552F652F706E343670392F496139663377766841414141446F727744414267684B574A4B38646932624C6537724237546530637933487655742B6E3759566A77454471486676346D624C2B6F3377632B33546B394A38523366386F6E2F312B4F6D362B347A2F7A5330372F3174533741414141396B4A3442674177354E4C6172654E782B714A3752335475473533756663766B354C4C4B505871724635614E393934484D414A366E77422F7356772F5865356C35553946536A746A636E4A6E644C2F35482F6D694233397A366C3041414D424945353442414179424E444852784C4A6E6E7854647443716176474971494D74705261516F645A785531746A55477748596C78736A7838377973584E6E7558387163726655615764383665622F794F76507571572B4277414147484C434D774341415A493258337455784E6A4B534A315645586C356D66544373564A5037534A6230487350414E4F75397779317A30614F375A484B366E5A33524E4F375432375036316266304C3446414141594673497A4149412B6B356F6D78575658337A33474671794B3146306475546D6C2F4B6C7464586D6C7244696D6652634166614A33314F504F73713650794E73696C78584E7466476C7433776D72312F664339304141494142497A7744414A676A5579485A70757676475A504E366B69784F706F347059783741566E76666B54765051414D72472B566458336B3246592B383734754A744F3130656C756933576E2F466675646E306944674141665578344267417743394B576134364C57484271524434316372706670465471364B334470393441774B693475617872492B6472706B4B316947766931736C7238735772767A62314B6741414D4F65455A7741413079684E624630555378656448716C7A326C52514674384F7959366265674D41334A6D635078637058564F715872443279584B2F4A7136362B6671382B617A64553638444141437A526E67474148435130715A7479794C477A6F776D7A697A74475758537579387671394E374851414F3057316C58567657565756644864337531726A6C3971767A5330377648516B4A4141444D454F455A414D426453424D545452787A2F6F726F354C4E4B642F3949766241736E5646654F725A394277444D6D6D355A4F794E794736684639392F6A3175362F4F2F59524141436D6A2F414D414F413770496B7278324C5A306C5852375A77565458354135485257704E3675736C6A5376674D412B6B3776452F762F4C4F766653766E763566657572584862377130434E5141414F446A434D7742675A4B587A72756A4575616565456A6B394B464C7137536F72612B6F49786B565462774341776658646756726B6A30643338742F79757455335437304B414144736C66414D4142674A71576C53624E7878372F4B6E6E7764476A67644669676658734778782B773441474871545A5631583173636A3534394E335439307A58583537632F6F7A514541674570344267414D70625468716D4E6A664D4644496E643651646B44792B68425A586C47475142387439354F7448387236364E6C66547936752F386C72317439512B3846414141595663497A4147446770625662782B4F3077383649736561686B654D686B654B685A587879373657704E774141422B4C54356666546A355466525438576B354D666953392F365A71382F7577393954554141426836776A4D41594F436B5464755752527037614B54306B4E4C3267724C6572724C4465713842414E5075573256394C484C2B53506C642B4B4E782B79332F6E463938787466626C774141595067497A774341766A6231724C4C4C726A306C7873596655647148523472652F5435544C77494163364662317255522B522F4B2F52396A542F366E664F484B4C3079394167414151304234426744306C62546866664F6A632B3848524A4D65556271486C31467633573371525143675833333632324861485A502F6D4639347971353244414141673064344267444D7166544B48557469635870344E504849307055316451546A67716B5841594242396357492F4B484955646165442B6431712F2B6A7A6745416F4F384A7A774341575A5665652F57527357442B497949335A30644B6A79716A73386F616D336F524142684F4F582B752F436E6777365734557067474145432F4535344241444D715862727436466734666E5970487857524831306D703565366D586F524142684E625A6A3277636A78392B565042582B6631797A2F664830464141446D6E50414D414A685761644F32785A48484878564E507164303530614B4D38745957415941374D7632736A345933666A37534C642F4B4B383939582F614D5141417A44376847514277534E4C456C5174693266455069787A6E5245726E6C7447447933494D497742777343624C2B7665492F49475954422B4D3771662B4B562F302B4E76626C774141594F594A7A7743414135496D4A706F3435746C6E526166356F556A786D444A3657466B4C706C3445414A682B333472494879727237324A50656E2B2B634556766C786F41414D775934526B41634A66535A64744F69766C6A6A79336C44356175647A396D36675541674E6E336D636A7876724C2B4C75363435595035785764387663344241474261434D3841674F2B5458726C6A5353795A4F6F62784D6158376F544A6131623443414E4258396B546B6A3554373330534F7638357256317A546A674541344F414A7A774341534532545975503230794C464530763375444A3665466E6A557938434141794F7A2F5A4374496A753338533362762F372F4A4C547631586E414143773334526E41444369306D7576506A4C6D4C5868734E4D336A4975664852306F6E3170634141496242375A486A796B6A643938627550652F4E463933765533554F414144374A44774467424578746274733033566E52753738384E5475736851504C654F78396C5541674747587435552F412F316C644C76766952766639744738666E323376674141414E3946654159415179784E6246305553773937624B6C2B4F464A5A455864765877454147476B336C765658305933335275782B663136332B755A3244414141776A4D4147447270736D306E7866797848356B4B7A434C4F4B57766831417341414E795A32387236594F5234643978782B37767A69303739556A73474147425543633841594D424E486366347575736645475070523076337044493676583046414941443149306348796E3376346A552F664F385A75566E326A4541414B4E45654159414179684E624A73587834326447796B394A5649387559784F6146384241474461354E68614C723067375631357A617072367851416743456E50414F41415A453266507A7747442F71695248354B61563751686B6430623443414D417332466E2B48485A46644E4D373872726C5639555A414142445348674741483073626471324C4B4C7A6F3547613367367A6338746F5876734B4141427A534A4147414444456847634130476653707576754563335955307631394C496555555A4E2B776F414148316F5630522B6879414E41474234434D38416F412B6B44646564484F506A7662437372486851627A5431416741416732524857572B4C50666C742B6349563239735241414344526E674741484D6B5862357A56585469575A476D4172505432796B41414D4D683933616876545675332F4F322F4B4C566E32316E4141414D4175455A414D7969394C72726C38643435377849365A6D6C465A67424141792F5848373863365234653853742F7A65764F6633474F6763416F45384A7A7742676871584C6439343778754B38794F6D5A6B654B734F675941595054734B6576396B6274766A693939363131352F566D3374474D414150714A384177415A6B4461644E303949756164463033306470683568686B41414E2F72706F6A387A6E4A2F55397A7731672F6E3965753737526741674C6B6D50414F41615A493262722F623148474D5454712F6449386F6F365A39425141413969486E7A35552F5237346C396E542F4C462B3438704E31436744414842476541634168534B2B2B3572413462503554496B30465A6A395552765061567741413447446B713872366F356A4D6238345872507071485149414D4975455A774277674E4C6172654E782B7049666A43624F6A78512F576B614C3231634141474461334637576579496D2F7952752B4E4C373876717A6538394C4177426746676A504147412F7063743350444447306F2B5636767A534874744F4151426778743151317039474E2F34347231742B665473434147436D434D384159422F53686B2B65474F507A6E31664B586D693275703043414D416379666C6A35667147794876656C74657476726B64416741776E59526E41504139327565594C5868717050694A30703162526B3337436741413949326249756533526B70767A47755766377A4F414143594273497A41436853303654596450335A70656F465A73386F4938387841774267554677543058316A354E3176796D74502F5A38364177446749416E504142687061644E31393467302F684F526571465A334C656441674441514C7131724375696D2F3950587266696E396F5241414148536E6747774D684A453163756947556E2F476A6B6548366B6547775A4F5A59524149426863323145336854667A472F4B4C31313555353042414C4166684763416A4978302B593448786C6A7A2F464B6558395A5255304D41414268754E30574F4E386565324A7776576E35316E51454173412F434D7743475772706B36784678784F4C6E6C764B6E5333662F64676F41414350706F39474E5458486A462F3576586E2F3262585547414D4433454A34424D4A5453357530506A6454356D564B6556395A6855304D41414B446E797848353964486476546D767539392F31786B41414A5877444943686B563537395A4778594E487A49736650526F725436686741414C687A653870365630784F76693566734F6F6632684541414D497A41415A6575387573575675715A355632595473464141414F77445752342F4C34306B312F6C746566645575644151434D4A4F455A41414D7076667161772B4B776863387476354F744B39325A64517741414279617230574F31386565327A626B69303737584A30424149775534526B41417956747650352B30656E3064706E3957476D50614B6341414D4130327832523378463738682F6B4331662B573530424149774534526B416653394E624A73587938616656736F315A5A3364472F586D414144414C4D6A785432583951587A34366E666E747A396A736B344241496157384179417670557533334643644A6F316B654A6E533775736E5149414148506B3035487A362B4B6D2F4D62383070553331526B41774E41526E67485164394C6D37512B4E314C7977564D386F376278324367414139496E2F696369626F72766E64586E64366876714441426761416A50414F674C61635037356B666E35504F696959744B2B36423243674141394C486279337054354F3672387471564F396F52414D4467453534424D4B652B6654526A37336C6D4B5A61325577414159494230792F724C36485A666D6465742F45673741674159584D497A414F5A4532727A6A4152484E785A4869576156314E434D4141417948663436592F4C3159742F713975647631525363415943414A7A7743594E576C696F6F6D6C357A3835556E707861522F6454674541674346306455522B52647A77316976792B7657396E576B4141414E44654162416A4575627469324F5A76776E532F6D6973705A5044514541674647774D794C2F666E7A69356A666C7A576674726A4D41674C346D50414E677871524E3139306A6D6E6B586C664A6E797A707961676741414979692F7972725658487256392B594C33376F72653049414B412F436338416D485A7038383754792F556C6B654C38306F363355774141594F546C2B464A5A723470626274325558334C36742B6F55414B4376434D38416D445A707938357A49366558526F72483964703243674141384831756A4D69766A7536656A586E6436707672444143674C776A504144676B366277724F6E48753655387631532B55396B487446414141594C39385A5370452B32612B504C393035553131426741777034526E414279554E4C4631555378622F4A4F6C2F506E536E64784F4151414144737058492B644C59382F584C38735850666962645159414D4365455A7741636B48544A3169506938435558526F714C533374734F775541414A675758343349723472756E67324F63775141356F7277444944396B6A5A636457794D4C37713456426557396F6832436741414D434E756A42792F4837643964564F2B2B4B473331686B41774B77516E67477754326E54646665495A76775853765854705633555467454141476246357950794B2B4B4750572F49363166665557634141444E4B654162416E556F6274362B495475666C706679787373616E686741414148506A4D784835742B4B474C2F3570586E2F326E6A6F44414A6752776A4D41766B7661734731316A492F3953716E4F4B32326E6E51494141505346486448742F6D7063654D6F376337667269316F41774977516E6745774A5732382F6E375236667871715A35563271616441674141394B562F6A636E3470587A4238722B7650514441744247654159793474486E6E365A4853723558796157554A7A514141674D4752342F325239767869586E504B4A2B6F45414F435143633841526C54616376333949385A2B765A52503662565451774141674D4754793139766A2B366558387672567639486E5145414844546847634349535A74326E526C4E2F4559706E39787270345941414143443734364976446D2B46622B5666333746562B6F4D414F434143633841526B546173763355694D3736556A36393130344E4151414168732F58492F4C767867316676437976502F75324F674D4132472F434D3441686C7A627657426B702F5871706E6C31617A7A5144414142477857656A473738574E37376C7A2F4C3639643036417743345338497A674347564E6C7833636F7A4E2B2F564938647A5364746F7041414441694D6D784E564A2B6156367A346F4E31416743775438497A674347544E6D362F5A3351367631724B6E79687266476F49414144415838596465333468762F435558625548414C6854776A4F41495A473258484E63784D4A664B75573673755A50445145414150684F6430544F6C385533622F37742F4C4B7A766C466E41414466525867474D4F44534A567550694D4F582F48796B2B4C6E534C6D6D6E41414141374D4F4E6B655058346B4E58767A472F2F526D54645159414D455634426A43673071556658526A7A37335A684E50474C706231624F7755414147442F3561736964792F4F6131646457516341414D497A67454754316D34646A7A4D4F653045307A612B56396F52324367414177434734496D37662F5A4C386F745766725430414D4D4B455A774144496A564E69737433504457612B4E3353726D696E41414141544A4E62497566666A533939385656352F646D3331526B414D494B455A7741444947335A2B664279766153554432736E414141417A497A3871636A35352F50616C58395A42774441694247654166537874486E48796E4A395261543074446F43414142676476784E544535656E43395974625032414D4349454A3442394B46303262564C592F373858792F6C7A355131506A554541414267747430654F56345458377270742F5036733236704D77426779416E50415070496D7469364B4A59752F6F56493652644B75365364416741414D4D632B45393375692F4B366C652B70505141777849526E414830674E55324B6A64756647796D396F725433614B6341414144306C5A7A2F50504C75692F4F362B2F31336E51414151306834426A444830755A646A3477557279376C67396F4A4141414166657A6D364D5A4533506946532F5036732F6655475141775249526E41484D6B62626A75354269663933756C6645593741514141594942634539337575727875355564714477414D4365455A7743784C72373336794A692F3846636970526557646E3437425141415941423179396F6333376A706C2F504C7A7670474F774941427033774447435770504F75364D51355A377767557678326159397470774141414179424C30513358706A584C662F7A32674D4141307834426A414C327565613563744B64575964415141414D487A654862747675796866644E726E61673841444344684763414D5368732B65574B4D7A2F2F39557033666139737041414141512B796245666D58346F613362733772312F654F64515141426F7A77444741477045732F756A415748503353534F6C6C705432736E5149414144424350684A37386776796853753231783441474244434D3442706C6A6274656C716B6546565A3936346A4141414152744E7445586B6962766A69712F4C36732F6655475144513534526E414E4D6B6264792B496A7164793072357548594341414141552F3474396E522F4B6C2B3438704F31427744366D50414D3442436C6961324C59746E6958796E564C355232586A73464141434137334A48576238624E2B782B5256362F756C63444148314B65415A77434B614F61477A6944307035556A73424141434166636C5852557A2B5646357A796966714141446F4D38497A67495067694559414141414F7765367958684766754F6C333875617A656A5541304565455A7741486F4237522B4D756C366833524F4C2B64416741417745484973545736653334385833444B645855434150514234526E41666B7162646A342B6D6E52354B652F5454674141414F4351335262642B4C57343853327679657658642B734D414A6844776A4F4175354175333346436A44573935356F3971353041414144414E4D76785437486E6A702F4D4639337655335543414D775234526E415871534A6953615750656543557635325755644D445145414147446D33427A64376B766A776C4F3235473758462B3041594934497A774475524E70792F66306A786A6158387348744241414141475A4C666D2F636673634C386F744F2F5649644141437A5348674738423353706D324C6F786E2F72564B2B734B7A4F314241414141426D333433523766353058726679506255484147614A38417967536C74325043366936653032753163374151414167446E562B384C6470726A687070666D39576664306F3441674A6B6D50414E47586E724E7A6D4E695558703170506A784F6749414149422B73694E7939376C353763702F727A30414D494F455A384249533574335043645363326B706A32306E41414141304A6432522B52666A787665656B6C65763735625A7744414442436541534D706264782B7A2B68304E70587943653045414141414273494859302F33782F4B464B373951657742676D676E50674A47534A6961615750627369794B6133796E74346E594B41414141412B584C455A4D2F6C6465732B71766141774454534867476A4979306366754B614470766A42535071434D4141414159564C6E38396272592F656D5835597365663375644151445451486747444C3130336857646550515A5078644E2F475A7046375A544141414147417058527A664F7A2B755758313937414F415143632B416F5A59326246736459324E2F47436B39704934414141426732487772636C79593179372F6B396F44414964416541594D70545278355667734F2F34585372572B744176614B5141414141797A2F4D6478773830583576566E33564948414D4242454A34425179646476754F304747762B714A515061436341414141774D71364E50666D5A2B634956323273504142796770743442426C377632575A70793835666A4C486D583073724F414D41414741556E52706A36562F5435703350717A30416349447350414F4751747134665556304F6E39637968396F4A7741414144447933684333667656462B654B48336C70374147412F434D2B41675A61614A73576D485265573876664C576A51314241414141503758316448642F5979386276562F31423441754176434D3242677059336237786D647A682B573874783241674141414E794A723065332B2B4E3533637233314234413241665050414D47557471793836656930376D366C49497A41414141324C636A6F326E656E5462762F4B336538384C7244414459437A7650674947534E6C7831624977663976705350715764414141414150737666794232332F4B63664E475A58363444414F4237434D2B41675A4532376E7069644F4B4E70567A575467414141494344384E396C50534F76576637787467554176705077444F683761574C726F6C6932354A576C584E647270345941414144416F6267396372346F7231337868746F44414A5877444F68723666496444347978356B326C584E564F4141414167476D304D5737592F584E352F656F3761673841493039344276536C715163596E3350477979504662355232764A3043414141414D2B4166342F62626E356C66644F7158616738414930313442765364744848375061505465584D704839354F4141414167426D56382B6369783950797568582F576963414D4C4B616567666F43326E4C7A6D644670334E564B51566E414141414D4674534F6A4761394139703036346672784D4147466C326E674639496233366D734E6938634A4C532F6E5437515141414143594933385148377A3670666E747A3569735051434D464F455A4D4F6653686C316E78486938745A536E74424D41414142675475563458337A7A706D666E6C3533316A546F42674A486832455A677A71536D53576E7A7A6F746A504435575773455A41414141394973556A34386A6C76784C32725474766E5543414350447A6A4E675471514E567830623434762B7346512F556B6341414142412F2F6C615248356D5872506967375548674B466E35786B7736394C6D375766482B474658436334414141436737783164506E392F58397130593233744157446F32586B477A4A6F304D64484530764E2F4F564C366A644A3232696B414141417745484A2B58587A6F6D702F4C62332F475A4A3041774641536E67477A496D323535726A49433938554B58366F6A674141414943426B2F3871756E764F7A2B74573331774841444230684766416A45746264703562726D387535624A3241674141414179752F496E79656636543870726C6E363844414267716E6E6B477A4A68303368576474475858623554712F6155566E414541414D4251535065506E442B614E7577366F773441594B6A596551624D6948545A7455746A2F7679336C504C63646749414141414D6D5A7369352F50793268562F55337341474170326E6748544C6D336539636959503339724B51566E414141414D4C79575245702F6D546276584664374142674B776A4E673271536D53576E4C7A70644669672B57396F523243674141414179787355687059397179363364375878656F4D77415961493574424B5A46756D5472455848456B6A3871355650624351414141444269336877333750367076483731486255486749456B50414D4F326451446773666A696C4C6574353041414141416F796C2F49485A2F2F656E356F67642F73773441594F41497A3442446B7262732F4B6C656646624B68653045414141414747333571746954667A68667550494C645141414130563442687955744F463938325073354D736A7851767143414141414F422F2F56643034776C3533664C726177384141304E3442687977744F6D366530517A7233644D3434506243514141414D44332B5A2B492F4B53385A73552F31783441426B4A54377744374A573365666E5930382F36746C49497A4141414159462B4F696B6A76543574332F58447441574167434D2B412F56622B7350767A6B546F664B4F567837515141414142676E785A46697239496D33632B722F59413050636332776A637054537864564573572F7A36556A326E6A6741414141414F5243342F666947765866366132674E4133784B65416675554E6C7833636F7A502B2F4E536E74354F4141414141413557666B5773572F57727564763152556B412B706277444E697274484858593649542F37655552376354414141416745503268766A673157767A3235387857587341364376434D2B424F706330374C343655586C6E4B73585943414141414D47336545546673666C3565762F714F32674E41337843654164386C62586A662F42672F65574D706636716441414141414D79452F4E3634395776507A42632F394E59364149432B4944774476693174327259736D7646336C764A683751514141414267526E303476746C39636E3770797074714477427A546E674754456D5837336867644E4A6652456F6E31684541414144417A4D7635593348626E69666D6931642F72553441594534313951364D734C526C78334E6A72506B4877526B414141417736314A36534377632F39445569546741304165455A7A444355744F6B74486E6E623555504257387137634A324367414141444472546F396D2F4D7130345A4F2B735265414F6566595268685261574C726F6C69323549394C2B637832416741414144445838716669396A336E356865742F6D7764414D4373453537424345706264743239334E356431674F6D4267414141414439347A4F784A352B624C317A786E37554867466E6C324559594D576E7A6A6C3567397247794247634141414241503770586A4B5550707733586E567837414A6856776A4D5949576E5472716446617134735A572F6E475141414145432F4F696E473531325A4E6D3566555873416D4458434D7867526163764F5879792F34743952797350614351414141454266753374304F68394F6D336164556E73416D42576565515A444C7133644F68373358374B356C442F56546741414141414753493476785A3764352B614C566D2B72457743595563497A47474C706B7131487842474C333147714836776A4141414167454630512B7A4A352B514C563279765051444D474F455A444B6C30326261545976373465307435616A73424141414147476866694D6E4A632F4946713362574867426D684765657752424B6C2B3934594D77662F3167704257634141414441734467684F7030507064646476377A324144416A684763775A4E4C476E552B4A7365624470567A57546741414141434778676B7833766C67327254747672554867476B6E50494D686B72627365464630306A744C6556673741514141414267794B5A30597A666748302B5A6439366B54414A68576E6E6B475179424E5444537839446D766A42512F5830634141414141772B347A3062336A55586E642F663637396741774C59526E4D4F44536876664E6A2F48372F4847706E6C314841414141414B4E695A3352336E35335872623668396742777949526E4D4D44534A567550694D4F582F45576B4F4B654F4141414141455A4C6A6B3947642F4B63664D47717239594A4142775334526B4D714C526C3139334C37612F4C4F6E317141414141414443362F69322B63644E6A3838764F2B6B6274416543674E66554F444A4330386672376C64744879684B6341514141414551384D413566386C667031646363566E73414F476A434D786777616550325230566E3742394C655649374151414141434253504349574C3368586D726879515A3041774545526E73454153527433506955366E62387435564874424141414149442F4C7A30326C703377396A527835566764414D41424535374267456962647234674F756D64706654645577414141414237392B52596573496255394F6B3267504141524765775142495733622B596A54703961587374424D4141414141396972466A38656D48612B7048514163454F455A394C48656430696C7A627465586172663762587446414141414944396348486176504E58617730412B79336C6E47734A394A4F30647574346E4C6E6B44795046382B6F494141414167414F5634364B3864766E6C74514F4175795138677A36554A725975696D574C2F322B706672694F414141414144673433636A64483874725637366C396743775438497A364450707456636647517357766265554432736E41414141414279694F364C6266564A65742F4C397451654176524B655152394A573634354C6D4C42333562717A446F434141414159487263464A4F546A383458724E7061657743345538497A36424E703033583369476265333556795A547342414141415946726C2B464B3550697976586637706467414133362B706432414F705533623768764E764838737065414D41414141594B616B574672572B397254667744677A676E505949366C79336563467331344C7A69375A7A734241414141594159746A316A346E7654716177367250514238462B455A7A4B47303866714878466A7A3456497561796341414141417A494948782B4B4637306872743437584867432B5458674763795274326E464F644D592B554D716A32776B4141414141732B674A6366386C4732734E414E386D50494D356B4C6273654677307A58744C756269644141414141444148666A70743376584C745161414B536E6E584574674E71524E4F35345554664F4F557335764A7741414141444D6F643458534A2B543179782F573973434D4F71455A7A434C3075596454342F55764C57557A744D474141414136422B335254662F5946363334703971443841496332776A7A4A4B306563647A496A5739373241536E414541414144306C7758527048656C6A647458314236414553593867316D514E7539346671546D54307335316B34414141414136444E336930377A31326E4456636657486F41524A547944475A59323756676271586C444B547674424141414149442B6C45364F386350656C5461387A375071415561593841786D554E717936364A6F6D6F326C3947734E41414141594441384C4D5A50666E327441526842767141504D79527433765843637275735630344E414141414142675550355932372F726C57674D77596C4C4F755A6241644A6B4B7A6C4B38746C65324577414141414147544C663865475A65742F7A5061772F41694243657754524C6D33646548436D39706C653245774141414141473143325275342F4B6131662B652B3042474148434D356847676A4D41414143416F6650357368365331797A7633514559415A353542744D6B62646E3563354853482F544B6467494141414441454C68375765394B6C333530596473434D4F79455A7A414E706F4B7A6D4E707842674141414D447765574173764E7672617733416B424F657753464B6D33653955484147414141414D5053656D37627366466D74415268696E6E6B47687942743376577A6B574A7A7232776E414141414141797879664C6A79666D4335583964657743476B50414D446C4C617375736E792B324E5A646E424351414141444136766836352B3943386475574F32674D775A487A524877354332724C6A7565583268724C3847674941414141594C55644761743664586E76316B625548594D6A34776A38636F4C5235357A504C4C35302F4C6D576E6E51414141414177596C6247676B567654684D547672344B4D495238634963446B4462756645716B394F5A536A7255544141414141456255453250702B524F31426D4349654F595A374B653065656354497156336C584A654F77454141414267784F57597A452F4E46367834642B304247414C434D3967506166503273794E312F7161554339734A4141414141457A35527479783530483568616673716A304141303534426E636862646E3134484C3751466C4C7067594141414141384E3275692B3775682B5A3171322B75505141447A44505059422F533554744F4B3766656A6A504247514141414142376337396F78742B596D696256486F41424A6A79447655676274362B4954764E33705479366E51414141414441586A30724E7533342B566F444D4D416332776833496C323237615359502F3650705479706E5141414141444158646F5465664B78656532714B327350774141536E734833534A75324C59746D2F42394B7562796441414141414D422B2B324A3064352B563136322B6F66594144426A484E734A33534A757650537161386238747065414D4141414167494E78664B54787436547A72756A55486F4142497A79444B6B3173585252702F6C2B56387652324167414141414148496355356365377076316B374141614D59787568534775336A7366396C3779726C4539734A77414141414277534C6F7847552F4B46797A2F36396F444D4344735047506B70596D4A4A75362F2B49394C4B54674441414141594C6F3030596B2F54527533333750324141774934526B734F2F385049744A7A6167634141414141302B56753054527654785062357455656741456750474F6B70633037663731635831526241414141414A68654B54306B6C6F332F58753041474143656563624953707433585267704E7451574141414141475A4B4C6A2B656C4E637566322F744165686A776A4E475574713838356D523074744B6166636C41414141414C50684B3748377476766E69303737584F304236464F4341305A4F32724C6A305A48536D307270357A384141414141732B5759474A2F2F356E5465465A33614139436E6841654D6C4854356A74504B542F752F4B4F58386467494141414141737955394B7334353439647241304366636D776A49794E647475326B6D442F2B6B564C65765A304141414141774B79626A473733422F4F366C522B7150514239526E6A4753456962727A30713072782F4B7458714F6749414141434175664B46325032744D2F4E465A33363539674430456363324D765453784A554C4973312F742B414D4141414167443578516F7766396F62554E4B6E324150515234526C4462656F42724D744F6545737048396C4F41414141414B417650446B757633354E7251486F4938497A6874753570313961726B3974477741414141446F4930337A3672527031796D3141364250434D3859576D6E4C7A7038723134747143774141414144395A6C45302B63317059747538326750514234526E444B5730616466547976565674515541414143415070587548387647586C456241507041796A6E58456F5A44326E6A395136497A397346534C6D6F6E41414141414E44587570486A63586E7438672F55486F41354A44786A714B514E31353063342F502B705A544874684D414141414147416866694674336E3559765876323132674D7752787A62794E42496C3234374F73626E76626555676A4D41414141414273304A73584238553630426D4550434D345A436D72687951537759663363705637595441414141414267347A307162647A796E3167444D4565455A417938315459706C4A377768556A79696A674141414142674D4B566D5139727779524E7242384163454A34782B445A752F3756796657376241414141414D42414F797247352F2F683144654D417A416E6847634D744C526C31374D6A70642B6F4C5141414141414D6766534473576E4868625542594A616C6E484D745962436B7A64736647716E7A7756497562436341414141414D445275696477394B36396475615032414D77534F38385953476E6A396E7447644E35565373455A41414141414D4E6F5561546D543950456C574F3142324357434D38594F476E4478772B5070764F65534C47306A67414141414267474430346C68332F43375547594A59497A78676F366277724F6A462B3146736A78576C3142414141414142444C503147326E6A392F576F44774377516E6A46597A6A336A6C655836784C594241414141674B4533507A706A662B7A34526F445A497A786A594B544E4F353566626A2F5864674141414141774D68345953303934576130426D4745703531784C364639703034364852644E38734A547A32776B41414141416A4A5462497959666D4E657375726232414D77514F382F6F65326E444A302B4D706E6C6E4B51566E41414141414979712B52476450334A384938444D4535375231394B6C48313059347776655663706C37515141414141415274594459396B4A4C36383141444E4565456266536B32545975485266316A4B423751544141414141426835763559323754716C3167444D414F455A2F57766A6A6C2B4B534D2B7548514141414144514F3736786964656E69516C66327757594954374130706653706831506968532F565673414141414134503937654378377A675731426D4361705A787A4C61452F704D3037566B5A71506C624B49396F4A4141414141504139626F724A796450794261762B712F594154424D377A2B6772365A55376C6B52712F714B55676A4D4141414141324C736C30656C73716A55413030683452743949545A5069384F5A5053756D427077414141414277313536514E753938587130426D4362434D2F72487875322F5571355062527341414141413443366C64476E61634E577874514E6747676A5036417470383634664C722F525439515741414141414E672F64347678773135646177436D51636F3531784C6D52747130376237526A482B386C4565314577414141414467414F54793132507A6D685566724430416838444F4D2B5A55327252746354546A3779716C3441774141414141446B377166615574545679356F50594148414C6847584F7247587439756436766251414141414341673751696C7033777937554734424134747045356B37627365464645383972614167414141414348356F376F78706C3533664C7261772F415162447A6A446D524E75313457506E70393672614167414141414348626C343073536B3154616F3941416442654D6173533175754F533553656E73707839734A414141414144424E7A6F364E312F396B72514534434D497A5A6C55363734704F784D4B33526B6F6E31684541414141414D4A315363306D36644E76527451506741416E506D46336E6E76486276577662414141414141417A344A68594F50614B57674E7767464C4F755A597773394C6D48552B4F314C7972563759544141414141474347644B4F624835725872666A5832674F776E2B77385931616B793366654F314C7A4A3732796E514141414141414D36694A4A6D317148364D43774945516E6A486A3073533265544757336C374B4939734A414141414144414C4868446E6E50367A74515A6750776E506D486E4C786C355A726739714777414141414267317154304F326E4C4E636656446F44394944786A5271564E7535355772692B734C514141414141777534364B764F443361673341666B673535317243394571626439306E557678374B523358434141414141427A4A38666B354D507A4261762B7066594137494F645A387949744F463938794F463535774241414141774E784C30656D384E6B314D2B486F7777483777775A4B5A4D586166336E504F4874673241414141414D416365314163642F377A61773341506A69326B576D584E7539346571546D69746F43414141414150336878766A4754537679793837365275304275424E326E6A47743073627439347A55764C3632414141414145442F4F43364F5750496274515A674C34526E544A733063655659644470764C755652375151414141414136444D58706733625674636167447368504750364C44312B66626B2B76473041414141416744343048754E6A72363031414866434D382B59466D6E4C6A6B64484E42386F5A61656441414141414142394B2B656E35725572336C5537414C3644384978446C6C367A383567344C4631567972753345774141414143677A2B324B473361666D746576767150324146534F62655351704B5A4A73536A3959536B465A774141414141774F4A62487372454C617733416437447A6A454F53747578345555546A6A4751414141414147447A2F45354F54792F4D46713735616577414B4F38383461476E7A7A74504C5436464C6167734141414141444A616A6F6D6E5731787141536E6A4751556B545679346F317A387235667832416741414141414D6E4A54577073743372716F64414958776A494F7A394954666978536E315134414141414147457A6A4D5261767244554168576565636344536C68325069326A2B706C653245774141414142676F4F5834776278322B516471427A445337447A6A674B54583744796D2F4C54356F31375A5467414141414341675A66794B395045684B38584178512B47484A67446B75764C39666A3277594141414141474137707A446A754F632B72446342494535367833394C6D6E543964626A2F61646741414141444155476E6974394C456C517471427A4379684766736C2F533636356448536E395157774141414142672B4A77555334392F63613042527062776A4C75557A727569452F50472F7153556939734A4141414141444355557672467448483733576F484D4A4B455A3979316338353457626E2B514E73414141414141455073794F68306672585741434D70355A78724364387662646831526F7A48783073357235304141414141414550756A736878536C36372F4E4F31427867706470367856326E442B2B6248574C79706C49497A414141414142676438794C7962396361594F51497A396937385A4E2F4D314B63566A7341414141415946536B64463761744F764D3267474D464F455A6479707432766D49636E744A327745414141414149365970503135526134435234706C6E664A2B3061647669614D61754B74584A64515141414141416A4B49636A3870726C2F396A375142476770316E664C38302F6B724247514141414141514B5836335667416A7738347A766B7661754F737830596D2F363558744241414141414159625A4E50796D74572F565674414961656E5764385733726C6A69585269546630796E594341414141414E44356E5451783457764A774D6A7741592F2F62306C7A53626E657132304141414141414B61634873756566583674415961655978755A34726847414141414147447638716669457A65666B6A65667462734F414961576E5763347268454141414141754176703544686A38592F58426D436F4363397758434D4141414141634E6561394B7470597475383267454D4C65485A694A7336726A48466D746F4341414141414F7A4E76574C70324174714454433050504E73684B565858334E594C46353462536E744F674D4141414141376C724F6E34737666584635586E2F32625855434D4854735042746C6978662B64726B4B7A674141414143412F5A50536962467332632F57446D416F32586B326F744C6D37512B4E31506D6E556E6261435141414141444166726B6862726A70354C7A2B72467471447A42553744776251564D5039557964313564536341594141414141484B686C73577A4A756C6F4444423368325368614F765A4C355870713277414141414141484C435870596D7469326F4E4D4653455A794D6D62627A2B667048534C39635741414141414F42674842644C6C3679744E634251455A364E6B4451783055526E3741326C6E4E644F414141414141414F556F7158706B732F7572423241454E4465445A4B6A6A762F68655836304C5942414141414144676B79324C2B30543962613443686B584C4F74575359706375326E52547A7836387235654A324167414141414277794434664E337A68766E6E3932626656486D446732586B324B75614E6279685877526B41414141414D4A3375486B745065454774415961436E57636A494733613962526F34703231425141414141435954763864757A2B3150462F302B4E7472447A445137447762636D6E44787738762F355576717930414141414177485337523354752F6678614177773834646D77477A2F7964387231376D304441414141414441446D75626C61654C4B73646F42444454683252424C573359397546777671433041414141417745793556787833776E4E714454445168476444717630756A37796C6C503462417741414141417A72386B7654784D547668344A444477667949625663536463484A484F72423041414141417741784C7132505A63353553473443424A547762516D6E546466636F2F3258583178594141414141594C62385572304444437A683254424B34356557362B4B3241514141414143594E51394B5737622F594B304242704C77624D696B7A54756645436B397262594141414141414C4D72642B772B417761613847794970496B724630534B3139555741414141414744327054676E62647A2B4137554447446A4373324779395069586C392B5A5471346441414141414D44633648526558697541675A4E797A72566B6B4B554E31353063342F4F754C65574364674941414141414D476536735366664C312B34596E7674415161476E576644596E78653737684777526B414141414130412B614745737671545841514C487A6241696B54627565566E3472656D6474415141414141443677653178322B53393834745866624832414150427A724D426C7961324C69722F465639545777414141414341666A452F466E526556477541675345384733524C6C2F516576486E50746745414141414136437472307974334C4B6B31774541516E6732777447584876534C465332734C41414141414E42766A6F776C7A632F55476D4167434D384757744D37726E466857774D4141414141394B4555463665315738647242394433684763444B6D336539646879653272624151414141414430725876456D597650717A564133784F654461437037394A492B625731425141414141446F632B6E6E616748513934526E672B6A2B6979387176396D7372683041414141415148394C6356626176503373326748304E65485A67456D5858627530584E665846674141414142674D4B534F3357664151424365445A703538332B6E5849396F47774141414143416766476B74476E626657734E304C65455A774D6B626470315A715234666D30424141414141415A4A453833596932734E304C65455A344F6B69542B597567494141414141444B54306B326E7A745566564271417643574947524E713036326E6C3975693241774141414141595349736A7A66755A576750304A65485A41456762336A632F6D6E784A6251454141414141426C69364B4531634F565962674C346A50427345592F642B55666B4E35655461415141414141414D736E764530754F66576D754176694D3836334E70797A58485257702B706259414141414141494D767052665743714476434D2F36336F4C664C4A636A32686F4141414141594367384D6D3361645761744166714B384B7950706374336E466175503131624141414141494468305954645A304266457037317337486D39387531307A5941414141414145506C2F4C52782B39317144644133684764394B6D33653964687965304C62415141414141414D6E5958524E4537654176714F384B775070596D4A4A6C4B2B704C594141414141414D4D7070517653655663346651766F4B384B7A667254732F4F6557337A5875587A73414141414167474631556A7A366A4B665547714176434D2F36544A7134636B47352F6E5A74415141414141434757346F4C616758514634526E2F57627038533875313550614267414141414267794B55344E32336573624A3241484E4F654E5A48306D743248684D702F564A7441514141414142475159706F31745561594D344A7A2F724A596646723558704532774141414141416A4967555035456D7469367148634363457037316962526C7837334B645531744151414141414247795A4678334F4C7A617730777034526E666150357A584B5A333959414141414141434F6D5359357542507043796A6E586B726D534C743978576F7731563556536D416B41414141416A4B374A50512F4E46357A7973646F427A416C68545438595336386F562F3874414141414149445231756E596651624D4F547650356C6A6174504D523061522F7243304141414141774369374E57376466574B2B6550585861673877362B78326D6D744E2B723161415141414141434D756F577873504F385767504D4365485A48457162646A79703342376564674141414141415244512F557775414F5345386D794E7059714B4A3150784F6251454141414141614A32614E753134574B30425A703377624B3473506638356B654B303267454141414141384C2B615A50635A4D4764537A726D577A4A61306475743433482F4A746C4C65743530414141414141504164626F6C763348524366746C5A33366739774B7978383277756E4C6E344A3870566341594141414141634F63577852474C6E31747267466B6C504A746C61635037356B644B76315A6241414141414144756E4B4D6267546B68504A747434796633507543663144594141414141414E79356447626174504E42745147594E634B7A575A516D74693471743139754F7741414141414139716D4A4639514B594E59497A326254635573754B4E666A32775941414141416748314C7A303658666E52686251426D686642736C715258376C68532F6D322F764C594141414141414E793149324C4230552B764E634373454A374E6C69587078655636544E734141414141414C4266556E702B7251426D52636F3531354B5A6B6A5A382F504159502B6F2F53336C304F7745414141414159442F6C324A4E507A6865753648324E4657444732586B324738614F66464735437334414141414141413563696B373679566F447A446A6832517962326E575730732F564667414141414341413558694A395045684B396E413750434235755A5A74635A41414141414D43684F696D576E6665595767504D4B4F485A444C4C7244414141414142676D75546D2B6255436D46484373356B306674514C793957754D77414141414341513558536A365A4C746835524F34415A497A796249564F377A694A2B7675304141414141414468454332504A346D6655476D4447434D396D696C316E414141414141445471346B66727858416A456B3535316F7958644B6D6259756A4766394D4B652F5754674141414141416D41593539755354383455722F725032414E504F7A724D5A4D6236325841526E41414141414144544B385659504B2F5741444E436544624E307353564338712F56633836417741414141435945656E4855394F6B3267424D4F2B485A644674367767764B3966693241514141414142676D7430334C722F2B42326F4E4D4F32455A394D6F7264303648696C65576C73414141414141475A436B33363856674454546E67326E63343872486657376A336242674141414143416D5A47656C5361327A61734E774C51536E6B3254644E34566E556A4E4C395957414141414149435A63315173485874697251476D6C66427375707837786A504C6455586241414141414141776F314A3654713041707058776242716B706B6D523435647243774141414144417A507552744F486A68396361594E6F497A366244786831506A42536E3151344141414141674A6D334D4D614F656D71744161614E384777367050797957674541414141414D467453666D3674414B5A4E796A6E586B6F4F524E6D372F67656830506C4A62414141414141426D7A32523064352B593136322B6F66594168387A4F733050563662793856674141414141417A4B354F784E68357451615946734B7A513541323754716C334A375564674141414141417A4C6F6D4F626F526D46624373304F52386B764C3162394441414141414943353836433061647439617731777941512F42796C742B4F534A6B58784841774141414144416E45766A7A366F56774345546E68327338666B586C2B75387467454141414141594D366B384E777A594E716B6E484D7432562F7074566366475173576662615553396F4A414141414141427A716875723837726C3139634F344B445A6558597735692F346D5849566E4145414141414139497647376A4E6765676A50446C4261753357385846395557774141414141412B6F506E6E674854516E68326F4D35636646366B64474C74414141414141446F4436656B4462764F7144584151524F6548616755503138724141414141414436795A696A473446444A7A773741476E4C7A6E504C3966363142514141414143676E365473364562676B416E50446B68365353304141414141414F6737366553306366745A745145344B4D4B7A2F5A513262467464626B396F4F774141414141412B6C4C54655561744141364B3847782F6A5933336E6E57573267594141414141674C365534756D31416A676F4B656463532F596D62626A713242672F374C4F6C584E424F414141414141446F577A6D666B646575754B5A32414166457A7250394D625A6F54626B4B7A67414141414141426B4B792B777734614D4B7A75354457626832506C4E62564667414141414341667065793535344242303134646C664F504F795A35587043327741414141414130502F533672527031796D314154676777724F376C4635554377414141414141426B584B6A6D3445446F727762422F537875736645696B39704C5941414141414141794B6C427A644342775534646D2B4E4A305831776F4141414141674D46795274707733636D314274687677724F39534A66764F4D46334A67414141414141444C4478655439614B3444394A6A7A626D37463051626D4F747730414141414141414D6E682F414D4F4741703531784C2F6C6661384C37354D5837795A30743558447342414141414147414154556263656B4A65632F714E7451653453336165335A6D782B7A797A5841566E414141414141434472524E35775A4E7244624266684764334A6B30643251674141414141774B424C6A6D3445446F786A4737394832726A39724F68302F723232414141414141414D747476696D39336A386B7458336C523767483279382B783764546F5831676F4141414141674D4733494A616B783963613443344A7A373544756E546230655632667473424141414141444155484E304948414468325864614F50373833725674414141414141415944756D4A6165335738646F41374A507772456F54452B58665256355857774141414141416873655263662F466A3677317744344A7A2F375830764D664635464F726830414141414141454D6C2F55677441505A4A65505A747961347A4141414141494468396152364239696E6C484F753565684B6D363637527A547A2F724F556E58594341414141414D445136636271764737353962554475464E326E76553038313551726F497A4141414141494268316D53377A3443374E504C68575A713463697879376F566E414141414141414D733579455A38426473765073324F4E2F4F46493673585941414141414141797246442B515872507A6D4E6F4233436E6857536639624B304141414141414268756E5669596E6C6872674473313075465A32726A396E7558322B4C5944414141414147446F4E66456A74514B3455364F3938367A542F457935326E30484141414141444136666A424E58446C57613444764D374C42555671376462786366367132414141414141434D6869506A324B5550717A584139786E645856646E4C763768636A322B625141414141414147426C4E78335050674C3061336641737851747142514141414144414B456E7868466F42664A2B556336376C3645686264743239334435546C6E4E74415141414141424754343764743532554C7A7274633755482B4C625233486D573479664B565841474141414141444361556F77746348516A634B64474C6A784C545A4D69355A2B714C514141414141416F386A526A6342656A4E374F7338757666335435714868793751414141414141474532505452506235745561344E74474C7A784C6A56316E41414141414141736A6D504848316C72674738627166417376666271497950463032734C41414141414D416F612F4C6A6177587762614F3138327A427775655536384B324151414141414267704B5830513755432B4C59524F3759784F624952414141414149442F645670363766626A617730775A5754437337526C2B366E6C396F433241774141414143415344472F592F635A384631475A2B645A626E36695667414141414141554F584831514A67796B69455A326E697972464936626D314251414141414341566B715054524D54492F61494932426652754D447774495465743835344E7861414141414141432B31374778394E6E33727A58416949526E4B527A5A4341414141414441586A534F6267532B62656A44733354707471504C37636C744277414141414141337950464439554B594152326E6930594F3639633537634E41414141414142386E34656C5464735731786F5963634D666E7158306B37554341414141414941374D7835352F464731426B62635549646E36664B647138727477573048414141414141423730596E4831676F5963634F39383677547A363056414141414141447379325071485268785178756570615A4A35536F384177414141414267663579574C72743261613242455461384F38383262583959704C68333751414141414141594639536A4D382F74396241434276653843796E3539554B414141414141447557754F355A384351686D6470597475385350484D32674941414141417750377733444E67534865654854763268484B395739734141414141414D422B755764363366584C6177324D714F454D7A7A72707562554341414141414944394E3962596651596A62756A437333544A3169504B37556C744277414141414141423642707A716B564D4B4B47622B665A455975665871344C3267594141414141414137496F31505470466F44493267596A3231386472304441414141414D43424F69343262627466725945524E465468576272733271586C656D357441514141414144674948516558517467424133587A724E35383539527270323241514141414143416735437A3535374243427532597873643251674141414141774B464A36564670596D495948337345374965682B6357664E6C31336A306A78384E6F4341414141414D44424F69627539707A546167324D6D43464B7A7565645679367072514541414141413442423073756565775967616E7643736357516A414141414141445470456D656577596A61696A43732F53363635655832775061446741414141414144706E6E6E734749476F35662B504D366470304241414141414443646A764C634D78684E777847653566544D5767454141414141775051596A3066574368676841782B6570637433726F6F55306E384141414141414B62626F2B6F6447434744762F4F7345382B6F4651414141414141544363377A324145445835346C704C7744414141414143416D6241736264792B6F74624169426A6F384B782B3044716A3751414141414141594A6F316A614D625963514D3973367A706D505847514141414141414D796735756846477A4743485A796B4C7A774141414141416D446B703744794445544F7734566E61744F322B3558722F3267494141414141774579345637707332306D31426B6241344F3438613862734F674D4141414141594F624E367A796956734149474F426A47395054617745414141414141444D6E4E512B7646544143426A49387131746B4839423241414141414141776B2F4C446167474D674D48636554612F3836506C6D746F47414141414141426D556A6F7462666A34346255426874794148747659504C55574141414141414177307A72524F654B6874516147334D43465A2B6B314F3438707430653248514141414141417A494B6D6358516A6A496A4232336C32574479355844747441774141414141417379452F764262416B4276455978736432516741414141417743784C44306E6E5857466A4234794167517250306974334C436E5878395957414141414141426D793549342B39517A6167304D736348616562596B506235634637514E414141414141444D6F6B37486338396742417A617359324F62415141414141415947376B4C4479444554417734566C6175335538556E70696251454141414141594A616C6839594347474B44732F50737A43566E6C2B735262514D4141414141414C4D73786233545A646375725230777041596E504576355362554341414141414943354D572F384962554368745467684763354363384141414141414A686A6A614D625963674E524869574C743978576D3837624730424141414141474375434D3967794133477A724E4F5939635A414141414141427A4C385744306E6C5864476F48444B45424F62597850376B5741414141414141776C7862484938383474646241454F72373843787432725973556E705162514541414141415947364E6478336443454F732F336565706245664B6463423253454841414141414D44775338497A47474944454A346C7A7A734441414141414B435070496655416868436652326570596B724635546259396F4F41414141414144367773713034654F4831786F594D76323938327A5A7372504C396243324151414141414341767442453534674831426F594D6E312B62474E365969304141414141414B422F4E4F6C4274514B476A50414D414141414141414F6D50414D686C5866686D6470342F59563558626674674D4141414141674C346950494D68316238377A357247726A4D41414141414150725650644E6C317936744E5442452B6A633853794538417741414141436766383066732F734D686C4266686D6470303762463566716F326749414141414151502F4A4865455A444B482B33486D57787835547276506242674141414141412B6C447933444D595276305A6E6E586943625543414141414149422B3963423642345A496E7A377A4C4432754667414141414141304B2B4F545A64744F366E57774A446F752F41736264367873747A753158594141414141414E4448356F326456537467535054687A72506D68326F424141414141414439376748314467794A2F677650556E5A6B49774141414141416779456C4F38396779505256654A59327647392B755436367467414141414141304F2B455A7A426B2B6D766E5758507949387231734C5942414141414149432B747978743258583357674E446F4C2F437330353433686B414141414141494D6C647A333344495A49767A337A7A50504F41414141414141594C4B6C7864434D4D6B62344A7A394A72747839666271653348514141414141414449707335786B4D6B66375A65626167655779357072594241414141414942426B65356643324149394539346C6C4D7650414D41414141416745467A3937546C6D754E71445179342F676E50556A796D56674141414141414D47446D6E56454C594D4431525869574E75303670647A75336E59414141414141444267636A717A5673434136342B645A3431645A77414141414141444C416B50494E6830532F484E6E7265475141414141414167307834426B4E697A734F7A4E48486C574C6B3975753041414141414147415170525870306F387572413077774F5A2B35396E537051387331795061426741414141414142744A597A442F3631466F44413677506A6D3173484E6B4941414141414D4467617A7A33444962423349646E4B54326D56674141414141414D4D69455A7A4145356A5138712B652F2F6B4462415141414141444151424F65775243593235316E43342F754257667A32775941414141414141626171616C705571324241545848787A616D5239634341414141414141473365487875753333716A55776F4F5932504D747854713041414141414147447764664A7074514947314A79465A326C6936364A493865446141674141414144413445754E38417747334E7A74504675363547486C4F7139744141414141414267434F51516E7347416D3776774C4756484E674941414141414D46795359787468304D33684D382F536F3273424141414141414244497131494531637571413077674F596B5045757676756177636E74513277454141414141774E4159693258486E564A725941444E7A63367A52664D665871376A62514D414141414141454F6B4F2B626F5268686763784F654E656E7357674541414141417748447833444D59614850307A4C503079466F4141414141414D43515361665741686841737836653151636C6574345A41414141414144444B6358396167554D6F4E6E666562623068463577316776514141414141414267474A32594C746C36524B32424154503734566D4B5239554B41414141414143475559724446353153613244417A4D557A7A7A7A764441414141414341345A5962527A6643674A7256384379646430576E334836673751414141414141594567315358674741327032643536646339715A355870343277414141414141774A444B495479444154584C787A596D527A594341414141414441433875706141414E6D747039354A6A7744414141414147443470585269657533565239594F4743437A4735366C394968614151414141414441634A7533774F347A4745437A4670366C54647675573237487452304141414141414179356C49526E4D49426D6365665A2B4D4E7141514141414141414979436455677467674D7865654E5A6B34526B4141414141414B4D6A7861706141514E6B39734B7A6E49526E414141414141434D4575455A444B425A43632F536136382B4D6C4C6372375941414141414144414B377055752F656A4357674D44596E5A326E7331622B4E42796E63586E7177454141414141774A7872597578754B326F4E44496A5A43625161527A594341414141414443434F6F35756845457A4F2B465A4475455A414141414141436A4A3258684751795947512F50306E6C5864434C4651326F4C414141414141416A4A4A3153433242417A507A4F73306566635671354C6D3462414141414141415949636D786A54426F5A6A3438613770326E514541414141414D4B705770496D4A32586D45456A41745A763458624537434D7741414141414152745843575062736B326F4E4449435A443838383777774141414141674648576A525731416762416A495A6E365A4B745235537238317742414141414142686454534D3867774579737A7650446C2F796F484A316C69734141414141414B4D725A2B455A444A435A446259633251674141414141774D684C793273424449435A44632B7938417741414141416742475850504D4D426F6D645A774141414141414D4C50756D5461386233367467543433592B465A756E7A6E76637674754C5944414141414149435231596B343665526141333175356E61654E656E427451494141414141674E45324E75626F526867514D786965355166564367414141414141526C7865586775677A3833674D382F5341327342414141414141436A4C5456326E7347416D4A48774C45314D395035337A326F37414141414141415965666574643644507A637A4F732B4F6573374A636C37514E414141414141434D754A79465A7A41675A6959386137496A477745414141414134482B6C64454B36394B4D4C61776630735A6C3635706E7744414141414141412F72386D7867362F64363242506A5A4434566B536E6745414141414177486361367A6936455162417449646E61654C4B73584937732B304141414141414941704B5A31634B36435054662F4F73365848727937585257304441414141414143306B70316E4D41436D507A784C6E6E634741414141414142337773347A474144544835376C644661744141414141414341623874326E7345416D496D645A2F65764651414141414141384733706E6D6E74317648614148317157734F7A4E4448522B3938377665304141414141414944764D42616E7A6A2B70316B43666D7436645A38656376364A634637634E41414141414144775863593739366B56304B656D4E7A78726B694D62415141414141426762334C6E337255432B7451306832645A654159414141414141487554516E67476657353677374D4934526B4141414141414F784E467035427635766D384D79786A51414141414141734664326E6B48666D3762774C4632323761527975317662415141414141414164304A34426E31752B6E61656A59335A6451594141414141415074326248726C6A695731427672513949566E545A785A4B7741414141414159473857786231714266536836587A6D32656E31446741414141414137453348305933517A3659765045744A65415941414141414148636C4A2B455A394C467043632F53706D324C792B302B6251634141414141414F785645703542503575656E5765354F613163702F4D49534141414141414147453470376C6B726F41394E542B44566357516A41414141414144736E797738677A3432546276466D6A4E71415141414141414137464D536E6B45666D36366A4675303841774141414143412F584E306575574F4A6255472B7377686832657061564B35395A3535426741414141414137492F44756966564375677A6837377A37485862373157756837634E4141414141414277313859633351683936744444732B544952674141414141414F43424E467035426E7A7230384B795454713056414141414141437750314A796243503071554D507A334B2B5836304141414141414944396B65303867333531364F465A32486B4741414141414141484A435868476653705177725030735356593546695A57304241414141414944396B624E6A473646504864724F732B4E4F5746367538396F4741414141414144594C796B6450375642426567376878616570657A4952674141414141414F4843644F4F725945326F4E394A4644444D2F532F576F4641414141414141636950484F696255432B7369686857646835786B4141414141414279633568363141507049796A6E583873436C4C6275754C37645662516341414D7969573872365A6C6C666231652B756478764B33394B4C2F5063652B3332556B2B57656B2B3564794E487438784B32667347756C78574769757A707653392B344A795831446D5A6156463556324C533131574B6975576C485645575966346A586341414D43642B4957385A766D726177333069594D4F7A394B4739383250385A4E376E3642376F4345414145796647387636544F543875556A7875564A2F50694A2F5072727835596A6D78756832623479765448346C72313939783953375A3047616D476A696947636547664F6159794B6C5938726F6275572B744E79586C663866652F666A79377436337A4637556C6D3950705546414144636C5279767A577558583177376F453863664868322B5937545971793570725941414D442B75366D733638746E7974764B4A3876624936646435552F6D2F7846357A36667A7574573962314162574650665A4E6335365234526E6674456B2B35624A73764C6545565A766674397975715542514141394F543835336E74697166584475675442782B6562646E3572484A396532304241494137392F6D792F723273543552506A4B2B4B62766354636448717A2B5A75392B44505478395136644B504C6F78355235345371584E712B557A6B74456A7072444C7572534F6E33674141414B506E34336E4E386F66554775675442782B6562643735362B575433596E61416741414562764C2B7266492B5A2F4C2B6C684D33764852664E467076614D58325976554E436B75762F626B614D5966574E7265467730655674623979786F7643774141687430583835726C4A39516136424F487376507372655836374E6F43414D416F3670623169624C2B50727235517846372F6D6E516A31337342314D3731425965395A44497A546D6C50546453504C6A633530323943414141773655626E37687051643538567538623859412B63536A683253664B39637A6141674441715068615248352F2B62507733305A33392F76797574553331446B7A4A4C33366D734E693862787A497072486C66594A5A584A792B776F414141794279636C37355174572F56667467443577554F465A6D70686F59746C7A657439527537436441414441454D763563354869585A4854752B4F716D3637305861467A4B32336573544A53656D71706E6C4C61337136305A756F4641414159524E3375772F4F366C522B70486441484469343832377A7250704869553755464149426864474E452F722F527A572B4E43302F356C397A74487479524463796F64506D4F453249736E6848526E462F61336A50543074514C414141774B4C72645A2B5A314B362B6F486441484469343832376A726964474A39395957414143477865316C765475362B592F697869392B494B382F653038375A68436B4C547675566137504C75763570563352546745416F4D393138385635335972583167376F417763586E6D335A395A4A796531586241514441774C7375636E354433424A2F6C6E392B785666716A4147566D696246686D32506A4B627A676B6A787A444A7933447741415033736B72786D2B6374724466534267333032774B7036427743415154565A31727369386D4E693363725438746F566C77724F686B5076694D31387761702F794775582F30524D5474366A544634654F66367A766777414150306C78776D314176724577595A6E703951374141414D6D70764C756A536965392B385A766C5438356F56482F5138732B47564C316A3131664C662B4A4C34304E584C492B656E6C74472F744B384141454466754875394133336959493974764C48636A6D303741414159434464477A712B4C322F5A737A4265762F6C71644D594C537070325069435A6558716F6637725874464141413573794F76476135303936676A787877654A59325833745570506D2B32414141774B4434636B522B56647838322B58354A61642F71383467307555374868686A61623051445143414F585A545872503838466F446665444177374D7475783563626839724F7741413646762F453545766965366544586E64367435526A58436E706A3748796646376B654B634F674941674E6D312B332B4F794263392B4A7531412B625967542F7A4C4F6356745149416748353057316D58524C3739354C786D7865384A7A726772656333796A2B653179382B4E79656A74514C75326E5149417743784B523535514B364150484868346C704C77444143416670544C58322B4C323365767A477557767A79765066562F36687A32533735672B562F484236382B733551764C4D7650487741415A733959434D2B676A787A457A724D516E6745413046397966444C7935446C357A59727A3834745766375A4F3459446C747A396A4D71395A76694869316C576C2B355065714830464141426D556A362B466B41664F4969645A343574424143676239775533587878664F6B4C5A2B5731713636734D7A686B656333704E2B59314B3336795649387436314E31444141414D36525A5667756744787851654A61614A70587238746F43414D42632B73766F336E472F76473746612F5036732F66554755797276476246422B4F476D3038763161744C3232326E414141777A5849576E6B456653546E762F796B6B366649644A385259382F6E61416744415850684B2B635479677278327854747144374D6962647A2B714F6830656B633533717564414144414E4D6E785A336E7438682B724854444844757A59786A48504F774D415941376C654539306435386D4F474D75354174572F554E383436597A532F6E6D64674941414E4D6B32586B472F6551416E336E574F4C4952414943356348506B376B2F6C746375666E4E65747671484F594E626C6C3533316A62786D2B664D69353538703761337446414141446C553676685A41487A6A4138437A75572B38414144424C38696469637649426565334B50366F446D484E3537596F33784A37755130713573353041414D416873664D4D2B736742686D663535466F41414D444D792F6C317366765450354176574357676F4F2F6B4331642B4D6D3637705265672F5530374151434167335A306D74673272396241484476516E5766434D7741415A734F33796A6F2F723133786F6E7A52343239765239422F386F76502B487038384F6F6E6C664B53646749414141636C78584635616132424F58614134566B536E6745414D4E4E32526B772B4E4B395A2F72626151312F4C62332F475A506E352B764B4937747253376D6D6E414142776F4D59643351683959722F447337546C6D75504B62556E6241514441544D682F317A73474C36395A64573064774D444961315A756952772F5773716232776B41414279494C4479445072482F4F38386D35396C3142674441444D6F62346F5976506E48714744775955486E74387664476E767A42557635504F774541675032556B6D4D626F552F7366336A574E4D497A4141426D776D525A4C38787256727777727A2F626B58634D764C78323155656A472B655738735A32416741412B795031546E38442B73434250504E4D65415941774853374C584C33764C786D2B5962617731444936355A664664313464436C766143634141484358684766514A2F592F5045744A6541594177485436526B543343586E74796E6657486F5A4B587266382B6F69704978792F33453441414742667376414D2B7353423744793762373044414D43682B6B72456E6E50796D705566726A304D7062786D316258526A523871705765674151427746787A62435031692F384F7A485065704651414148496F76787537645A2B633170337969396A4455706F35776A50796B55743761546741413445344A7A364250374664346C6961324C6F726B4679344141496673762B4F4F5057666E69315A76717A324D684C786D78543948743374654B666530457741412B44362B42673939597639326E7431747762334B4E62554E414141636C4D2F48376A764F795338385A5666745961546B64537666457A6B757243304141487933464D656B3836376F31413659512F73586E6A586A7666414D4141414F3167325275342F4A46393376553757486B5A54584C76382F6B654D3174515541674F2F5569584E58334B335777427A617A2F4173376C30724141413455462B4F62707962313637635558735962522B362B6D5752347A323141774341377A445030593351422F59765049747335786B414141666A70756A6D483837726C6C3966657868352B6533506D4978763376526A705853454B51414133364D526E6B4566324C2F774C4E6C35426744414162736A636A777472317678723755487176797973373452653770504C2B573332676B41414254646447797467446D306E7A76506B70316E4141416369467A57542B5331797A2F5174734433796865752F47533572717374414144304E724963557974674475316E654262434D774141396C2B4F58386C726C722B746473426535445572336C527576515541414555576E6B4566754D76774C4733342B4F486C64726532417743417535446A6A586E7438742B744858425876746D3973467A2F6F323041414268706470354258376A726E57646A52397031426744412F76707758485754592B6A67414F535872727770387553506C584B796E5141414D4D4B455A394148397550597869773841774267662F785837503757732F4C6D7333625848746850656532716A35627261326F4C414D446F4570354248396950384B79355279304141474276626F334A7961666C69383738637532424133584446332B39584B39764777414152705477445072415859646E4B55367146514141334C6D63667A5A6673477072375943446B4E65666656744D547137746C653045414943526B34566E30412F323539684734526B4141487558382F2F4A6131663857653241513541765750555035667257326749414D47705345703542483969503843774A7A7741413249743856587A7069792B7544544164397553586C75744E62514D417749685A6B445A745731787259493773523367576E6E6B47414D43642B575A30397A787A36716735594E726B4331642B6F64782B762B304141426735546366754D35686A2B777A5030735356592B563251747342414D4233364D594C383772562F31453759447264634E4D666C4F766E32775941674A47533432363141756249766E6565486276303775586161527341415068662B5731353366492F725130777A664C367332347031312B764C5141416F305234426E4E75332B465A302F47384D7741417674646E34375A62313955616D436B66764F5A507976583674674541594751307A6447314175624976734F7A31425765415144776E584C3538594C38346A4F2B586E74676875533350324D79756A465257774141526B59576E7345633233643446756B657451414167434C2F6E3778322B5164714138793047392F796A736A7879646F424144414B63676A505949344A7A77414132462F2F46642F4D4C3630314D4176792B765864794E336672433041414B4D674A65455A7A4C4737434D2F693776554F414D436F36335A2F4E723930355532314132624C6A572F3738334C64305459414141792F6646517467446B6950414D4159482B384F6139622B66356141374E6F6176645A3545747143774441304C507A444F62615859566E4A3959374141436A36367352742F353872594735634D4F655034756350316337414143476D576565775A7A6261336957316D34644C37666A32673441674A48567A532F506130362F73586241484D6A725639395262687661446743416F5A617938417A6D324E35336E713165634879353374584F4E4141416874744834384A566631687259433764747566313566717474674541594867357468486D32743744736248473838344141455A624E37723552626E627A625548356C432B65505858797531503277344167434632564C30446332547634566C4B776A4D41674E483268336E64696E2B744E6441503975544C796C576744514177334F616E5631397A574B32424F624376384F7A45576745414D48712B45584872723951613642503577685862792B334B74674D4159476774586E686B72594135734B396E6D746C354267417773764C763554576E333167626F4A393059334F744141415956704E37684763776834526E4141423872382F4744562B38744E5A4176376C7839312F30726D3044414D4251366E53455A7A4348396E567334776D31416742676C4F54384B336E39326266564475677A656633714F38723154326F4C414D4177796B6C34426E4E6F587A76506A71393341414247783958787062652B70645A417639713935343972425144414D45706434526E4D6F5832465A38767148514341555A473776353758722B2F57447568542B614C563238727434323048414D445179593377444F62516E595A6E3664585848465A75683763644141416A34754E7877536E767154585137334B322B7777415946696C454A3742484C727A6E57654C78687A5A4341417763695A2F4E58653775545A41763774747A39764C3959363241514267754F516A6167484D67623063327A6A6D79455941674E48796B62786D31642F56476867412B654C5658347363663174624141434753724C7A444F62516E59646E4B657738417741594A546E2F64713241515A4C6A7262554341474334434D39674475316C35316D79387777415948543865317977366E32314267624A4C62662B5A626C2B71323041414267655758674763326776345A6D645A7741414979506E332F61734D78684D2B53576E39344B7A7632343741414347522F4C4D4D356844657A6D324D51765041414247772F6234306C74374F3165415164574E6439594B4149446863586939413350677A734F7A374E684741494352304D32767975765864327348444B4B62753732645A3765314451414151304A34426E4E6F627A765068476341414D5076697A483536542B724E544367386B7458336C527537323837414143476850414D357442656E6E6D576A717346414144444B736672386B5750763731327743444C3358665643674341345842594F752B4B5471324257665A3934566C716D6C527578375964414142443674626F5476366657674F444C74332B336E4A3142437341775042493862446C53326F4E7A4C4C7633336D3259647652355472654E674141444B556362386B5872507071375941426C396563666D4F3566627A744141415943765047684763775237342F50457364527A594341417937484274714251794C484F2B7046514141777941336E6E7347632B524F77724E4A34526B4177484437783778752B565731426F5A472F71746141414177464A4C77444F62493934646E30516A504141434757653575726855775443355939636C792F574C6241414177384472434D35677264784B654A65455A414D44772B6B72732B63393331686F5949726E627A65583674375546414744515A65455A7A4A553743633943654159414D4C54796E2B534C486E393762594268303033767278554141494D75682F414D356F6A7744414267644F54492B665731426F625272666E762F683937642F4E723258555765486A7655343774684151535070524A54784E4C3653694B474341595254324349564B514744493055617857424B4A484C556F65744C7048544A4D706D614341416256363049446F443545453864304B4C554971496F5151534D70326E4138376365797165382F69584A39663843336A4F453756506566756665743572447272585839414456772F765776766672663743774141717A5A5062326B436A757A6678724E35656E735441414258797966474C7A35796F786D346773597676664D727539395064515541594E336533416B6332622B4E5A32503673535941414B365337666A314A754171472F502F61514941594E566D38517775796174746E76316F457741415638667A302B6E586636735A754D726D552F454D414F4271454D2F676B727A614E382F454D774341712B643378324D2F3857777A634A5864667661506472386E2B777341414B73316A78396F416F37736A6E6732502F3734326631742B78734141466647647676524A75434B4B35542F31663447414D4236656259524C7375646D32632F39764E6E34657A612F674941774A55777069656E2F2F762F2F316333344C347750743441414D426144633832776D57354D3535745A6B3832416742634F654D337838642B3772514C6344385930796561414142594C2F454D4C736D643857784D50394945414D42567364332B52684E77767A68352F704F373337472F4141437753764D517A2B435333426E5035736E6D4751444156544B6D7A302B5076657450756748336966485965352F65485A2F5A33774141574366665049504C386F703435746C47414941725A5235506A4F335739676E636E3836327A77414157432F784443374A4B353574484A357442414334536B35506637734A754E2B4D3861644E414143736B3367476C2B51566D3263626D32634141466648463666482F7632664E5150336D336E72795659416748563730377A5A7A4D33414564305A7A79626650414D4175447247373371794565356A4E7A2F3236643376732F734C41414172744A6C2B375938666267614F364A5878374732644141437333646A2B54684E774878725872322B6E4D6631355677414131756A4274373670435469695638617A482B344541474464766A6F392B65516E6D3448376C36646241514457624434567A2B415332447744414C69612F7565342F7236545A75432B7466334C42674141316D682B51447944537943654151426352647670667A514239374E3545733841414E5A73336F706E63416E454D774341712B6632394E787A7639634D334D66476F342F38772B35345A6E384441474239726F6C6E63416E2B4E5A374E6A332F36776433783576304E414941562B2B5434547A2F2B6A576267666A64736E774541724A664E4D37674D4C322B65765731723677774134436F597739595A634E372F367751415947314F4E2B495A58494B5834396D314238557A41494372594D792F33775277746E6E3271535941414E5A6D6E73557A754151767837505A35686B417742587735656D446A2F69486375426C342B53766D774141574A30686E73456C65446D656261373963424D41414B73312F6D427374364D4C774451392F64534E3365384C2B777341414B7469387777757863767862426F327A774141316D354D66396745384A4A782F58306E752B4E76396A634141465A6C486D3973416F376F334C4F4E38317562414142597139507876357341586A614770787342414E5A6F544138334155643062764E732B71464F414144573654506A6734393871526E675A57502B64424D41414B7379693264774363342F32796965415143736D36307A344E584E77374F4E414142724E4E73386738747766765073427A73424146696A735258506746643336305138417742594A2F454D4C6F466E47774541726F59787A53392B76426E67546839363978643376382F754C774141724D595934686C63676E5078624262504141445736385A34394431504E515063595779335978726A62377343414C416534686C634170746E414142586736307A344C584E303265614141425969336B577A2B41536947634141466643454D2B41317A626D47303041414B794865416158344877382B38464F41414457356D543652425041717875546541594173445A445049504C59504D4D41474439626F34507676507A7A514376627079495A774141617A4E50623277436A75696C6544592F2F766A5A2B5A617A4751434131666D54546F447662767546763976396E75347641414373773742354270646776336E323170383965374A78666D6B474147426478684450674F39705050597A4C30356A2B7365754141437377767851413342452B3368326266506D6C30344141465A6F4B3534427238383850746345414D41716A41636267434D716E6A337379555941674855366D62353136792B61415637626D4D2B6562675141594333475A504D4D4C73452B6E6B334435686B417742714E36572F484C372F6E5739304158747559624A3442414B7A4A504E7338673075776A3265627965595A414D41714456746E774F73334435746E41414472497037424A646A487332487A444142676E65612F62414434336B353938777741594758454D3767452B336732327A77444146696C37596E4E4D2B44316533373668795941414E62424E382F674576544E73386E6D475144412B747965626E336A72357342767166784B343838747A75653264384141466942612F5050503347744754695334746C4750414D41574A386234304D2F2B65316D674E664C39686B41774A7238314C2F7A64434D63325863327A7A7A624341437750702F714250672B4450454D4147424E626A306F6E73475246632B477A544D41674C555A572F454D75427669475144416D767A5141373537426B65326A32664435686B41774F6F4D6D32664158526A7A46356F41414669443237504E4D7A69796654796235783934365151415944317533786250674C737776746741414D41615050437765415A48397031766E72327045774341645868712F4D643350396B4D385071646A6E3971416742674462616E447A5142522F4B645A7874746E674541724D756E4F77472B50366533625A3442414B7A4B65454D44634351327A774141316D684D66394D4538503335304875653276322B754C3841414C4234327764736E73475269576341414B733078445067726F7A746475782B50643049414C41573839626D47527A5A5070374E34686B41774C7073506473493349742F37675141594F6D75445A746E634751327A77414131756A6B4266454D7548746A2F6E49544141424C4E7A62694752795A654159417344356648592B39392B6C6D674F2F665048327043514341785275656259516A45383841414E626E73353041643263726E674541724D624773343177624A743573356C3335787633567741416C6D2F63614143344F2F4E5750414D4157497654617A6250344D6732302F572F4F41746E5A77454E41494131474C504E4D2B44656A4D6B337A774141316D4B7A74586B475237615A33764A6D547A5943414B7A4B3175595A634938324E7873414146672B6D3264775A4A76706A626339325167417343596E6D373972417267374C39352B73676B41674B55624735746E634753623657547A63444D4141477677376533664E7748636E563936393964327637663246774141466D3365586D73436A6D517A5054672F31417741775049394E58376C6B6565614165374B32473748376E683666774D41594E486D575479444939744D4A37504E4D77434139624231426C794D4D586D36455142674463613861514B4F5A444E7478444D416742583558436641765A6E464D774341565A69487A544D347373303069326341414B737878756562414F374E3847776A414D4136654C59526A6D307A7A61666947514441656E7968452B4265666155544149424632337132455935734D3231746E674541724D613846632B4169794B65415143736773307A4F4C624E37722B486D674541574C70546D326641425A6E464D774341645A68746E73475232547744414669504D6433362B68656241653656654159417341626259664D4D6A6D777A7A65495A414D41716A4F6D70386147662F4859336748737A78444D4167465759506473497833613237756E5A526743414E5A676E5732664178546D352F5577544141424C4E6C373664337A6769446254504235734267426732663635452B44656E57362B31675141774A4C4E6E6D32455939744D59784C5041414457515477444C7337586E7854504141425759625A35426B6432397066754466735241494246472B495A634848473966653973447565333938414146697775524D346B7330307A7A625041414457515477444C7072744D774341705A76464D7A67326D326341414773786E333670436543696947634141457333686E6747522B61625A774141362F486C546F434C49703442414379647A544D3475733030445A746E41414272635075464A3573414C736A3452674D414141445A544C504E4D77434146626739506650666E326B477543437A654159417348544435686B6332326233503073327A7741416C752F706366333674686E676F6A7A6243514441636F6C6E6347536233522B625A774141697A6338325167636773307A4149436C6D3266784449354D50414D41574958355A67504142664C4E4D77434178664E7349787A645A7663333734466D41414357616B78504E7746634A4D383241674173335379657762476466664E4D50414D41574C70356571594A344F494D3851774159504847454D2F67794D34327A3634314177437756475036536850415266706D4A774141414E6C4D5978625041414357547A7744446D41577A7741416C73367A6A5842306D3931664F383832416741736E63307A3443424F78544D4141494258324F7A2B32447744414669366353716541526476396D776A414144414B32326D345A746E4141434C4E2B61764E5146636E4E507075535941414143796D65625A7334304141457333626F6C6E7743485950414D41414869467A54545A50414D41574C787231373765424842786E6E3779573030414141426B4D34315A50414D41574C62623477507673683043584C7A482F384F4C75392F742F674941414D435A7A54546250414D41574468625A3842426A4F313237493576373238414141436332557954623534424143796337353042682F52384A774141414475622F67414173467A50646749636773307A41414341637A62544E4F5A6D414143575354774444736E6D4751414177446D62616377327A7741416C753235546F434C4E38517A41414341387A6254765073504149446C4775495A6345447A39474954414141414F3264625A2B495A414D43537A65495A634644694751414177446E69475144413067336650414D4F614579336D674141414E67527A774141466D3938737748673473314450414D414144686E4D3430686E6745414C4E72386641504178624E35426741416349664E4E4D2F69475144416B6F3274654159636B6D2B65415141416E4F505A52674341786475495A3844687A446250414141417A685050414141577A2B595A6345697A654159414148434F654159417348544435686C77514C3535426741416349664E376E2B5578444D41674357375A764D4D4F436A6650414D4141446A6E62504D4D4149416C4F78332B59527334484E38384177414175494E3442674377664F495A6344696562515141414C694465415941734854623751744E4142665035686B41414D416478444D41674D587A62434E775146766272514141414F654A5A774141693766314439764134637A6A70416B4141494164385177415950464F78545067674F625442674141414862454D77434170547564627A6342484D4B32457741416742337844414267365235386779665667414D6134686B41414D413534686B41774E4B642F71504E4D2B42775A76454D414144675050454D414744705076354E6D326641415733454D774141674850454D7743415A52766A597A393332677877386259327A774141414D34547A7741416C733357475842596E6D30454141433467336747414C427334686C77594A3574424141414F453838417742597474454A634267327A774141414F34676E6745414C4A742F3141594F5444774441414134547A7744414667326D3266415957303932776741414843656541594173477A694758426F34686B41414D413534686B41774C4C355232336773487A7A44414141344137694751444173746B384177354D50414D414144685050414D415744627844414141414F434978444D4141414141414143496541594141414141414141527A774141414141414143446947514141414141414145513841774141414141416749686E41414141414141414550454D414141414141414149703442414141414141424178444D4141414141414143496541594141414141414141527A774141414141414143446947514141414141414145513841774141414141416749686E41414141414141414550454D414141414141414149703442414141414141424178444D4141414141414143496541594141414141414141527A774141414141414143446947514141414141414145513841774141414141416749686E41414141414141414550454D414141414141414149703442414141414141424178444D4141414141414143496541594141414141414141527A774141414141414143446947514141414141414145513841774141414141416749686E41414141414141414550454D414141414141414149703442414141414141424178444D4141414141414143496541594141414141414141527A774141414141414143446947514141414141414145513841774141414141416749686E41414141414141414550454D414141414141414149703442414141414141424178444D4141414141414143496541594141414141414141527A774141414141414143446947514141414141414145513841774141414141416749686E41414141414141414550454D414141414141414149703442414141414141424178444D4141414141414143496541594141414141414141527A774141414141414143446947514141414141414145513841774141414141416749686E41414141414141414550454D414141414141414149703442414141414141424178444D4141414141414143496541594141414141414141527A774141414141414143446947514141414141414145513841774141414141416749686E41414141414141414550454D414141414141414149703442414141414141424178444D4141414141414143496541594141414141414141527A774141414141414143446947514141414141414145513841774141414141416749686E41414141414141414550454D414141414141414149703442414141414141424178444D4141414141414143496541594141414141414141527A774141414141414143446947514141414141414145513841774141414141416749686E41414141414141414550454D414141414141414149703442414141414141424178444D4141414141414143496541594141414141414141527A774141414141414143446947514141414141414145513841774141414141416749686E41414141414141414550454D414141414141414149703442414141414141424178444D4141414141414143496541594141414141414141527A774141414141414143446947514141414141414145513841774141414141416749686E41414141414141414550454D414141414141414149703442414141414141424178444D4141414141414143496541594141414141414141527A774141414141414143446947514141414141414145513841774141414141416749686E41414141414141414550454D414141414141414149703442414141414141424178444D4141414141414143496541594141414141414141527A774141414141414143446947514141414141414145513841774141414141416749686E41414141414141414550454D414141414141414149703442414141414141424178444D4141414141414143496541594141414141414141527A774141414141414143446947514141414141414145513841774141414141416749686E41414141414141414550454D414141414141414149703442414141414141424178444D4141414141414143496541594141414141414141527A774141414141414143446947514141414141414145513841774141414141416749686E41414141414141414550454D414141414141414149703442414141414141424178444D4141414141414143496541594141414141414141527A774141414141414143446947514141414141414145513841774141414141416749686E41414141414141414550454D414141414141414149703442414141414141424178444D4141414141414143496541594141414141414141527A774141414141414143446947514141414141414145513841774141414141416749686E41414141414141414550454D414141414141414149703442414141414141424178444D4141414141414143496541594141414141414141527A774141414141414143446947514141414141414145513841774141414141416749686E41414141414141414550454D414141414141414149703442414141414141424178444D4141414141414143496541594141414141414141527A774141414141414143446947514141414141414145513841774141414141416749686E41414141414141414550454D414141414141414149703442414141414141424178444D4141414141414143496541594141414141414141527A774141414141414143446947514141414141414145513841774141414141416749686E41414141414141414550454D414141414141414149703442414141414141424178444D4141414141414143496541594141414141414141527A774141414141414143446947514141414141414145513841774141414141416749686E41414141414141414550454D414141414141414149703442414141414141424178444D4141414141414143496541594141414141414141527A774141414141414143446947514141414141414145513841774141414141416749686E41414141414141414550454D414141414141414149703442414141414141424178444D4141414141414143496541594141414141414141527A774141414141414143446947514141414141414145513841774141414141416749686E41414141414141414550454D414141414141414149703442414141414141424178444D4141414141414143496541594141414141414141527A774141414141414143446947514141414141414145513841774141414141416749686E41414141414141414550454D414141414141414149703442414141414141424178444D4141414141414143496541594141414141414141527A774141414141414143446947514141414141414145513841774141414141416749686E41414141414141414550454D414141414141414149703442414141414141424178444D4141414141414143496541594141414141414141527A774141414141414143446947514141414141414145513841774141414141416749686E41414141414141414550454D414141414141414149703442414141414141424178444D4141414141414143496541594141414141414141527A774141414141414143446947514141414141414145513841774141414141416749686E41414141414141414550454D414141414141414149703442414141414141424178444D4141414141414143496541594141414141414141527A774141414141414143446947514141414141414145513841774141414141416749686E41414141414141414550454D414141414141414149703442414141414141424178444D4141414141414143496541594141414141414141527A774141414141414143446947514141414141414145513841774141414141416749686E41414141414141414550454D414141414141414149703442414141414141424178444D4141414141414143496541594141414141414141527A774141414141414143446947514141414141414145513841774141414141416749686E41414141414141414550454D414141414141414149703442414141414141424178444D4141414141414143496541594141414141414141527A774141414141414143446947514141414141414145513841774141414141416749686E41414141414141414550454D414141414141414149703442414141414141424178444D41414141414141434965415941414141414141435A7077392F39756275392B3364415142596C7050646E302F735231697A375838626A7A37792B3131596B506B6A4E39342F7A5A736E7567494173446A6A76347848332F6D6675774248494A3442414143487435312B59587A6748522F74786F4B495A77414153796565776246357468454141414141414141696E67454141414141414544454D77414141414141414968344267414141414141414248504141414141414141494F495A41414141414141415244774441414141414143416947634141414141414141513851774141414141414141696E67454141414141414544454D77414141414141414968344267414141414141414248504141414141414141494F495A41414141414141415244774441414141414143416947634141414141414141513851774141414141414141696E67454141414141414544454D77414141414141414968344267414141414141414248504141414141414141494F495A41414141414141415244774441414141414143416947634141414141414141513851774141414141414141696E67454141414141414544454D77414141414141414968344267414141414141414248504141414141414141494F495A41414141414141415244774441414141414143416947634141414141414141513851774141414141414141696E67454141414141414544454D77414141414141414968344267414141414141414248504141414141414141494F495A41414141414141415244774441414141414143416947634141414141414141513851774141414141414141696E67454141414141414544454D77414141414141414968344267414141414141414248504141414141414141494F495A41414141414141415244774441414141414143416947634141414141414141513851774141414141414141696E67454141414141414544454D77414141414141414968344267414141414141414248504141414141414141494F495A41414141414141415244774441414141414143416947634141414141414141513851774141414141414141696E67454141414141414544454D77414141414141414968344267414141414141414248504141414141414141494F495A41414141414141415244774441414141414143416947634141414141414141513851774141414141414141696E67454141414141414544454D77414141414141414968344267414141414141414248504141414141414141494F495A41414141414141415244774441414141414143416947634141414141414141513851774141414141414141696E67454141414141414544454D77414141414141414968344267414141414141414248504141414141414141494F495A41414141414141415244774441414141414143416947634141414141414141513851774141414141414141696E67454141414141414544454D77414141414141414968344267414141414141414248504141414141414141494F495A41414141414141415244774441414141414143416947634141414141414141513851774141414141414141696E67454141414141414544454D77414141414141414968344267414141414141414248504141414141414141494F495A41414141414141415244774441414141414143416947634141414141414141513851774141414141414141696E67454141414141414544454D77414141414141414968344267414141414141414248504141414141414141494F495A41414141414141415244774441414141414143416947634141414141414141513851774141414141414141696E67454141414141414544454D77414141414141414968344267414141414141414248504141414141414141494F495A41414141414141415244774441414141414143416947634141414141414141513851774141414141414141696E67454141414141414544454D77414141414141414968344267414141414141414248504141414141414141494F495A41414141414141415244774441414141414143416947634141414141414141513851774141414141414141696E67454141414141414544454D77414141414141414968344267414141414141414248504141414141414141494F495A41414141414141415244774441414141414143416947634141414141414141513851774141414141414141696E67454141414141414544454D77414141414141414968344267414141414141414248504141414141414141494F495A41414141414141415244774441414141414143416947634141414141414141513851774141414141414141696E67454141414141414544454D77414141414141414968344267414141414141414248504141414141414141494F495A41414141414141415244774441414141414143416947634141414141414141513851774141414141414141696E67454141414141414544454D77414141414141414968344267414141414141414248504141414141414141494F495A41414141414141415244774441414141414143416947634141414141414141513851774141414141414141696E67454141414141414544454D77414141414141414968344267414141414141414248504141414141414141494F495A41414141414141415244774441414141414143416947634141414141414141513851774141414141414141696E67454141414141414544454D77414141414141414968344267414141414141414248504141414141414141494F495A41414141414141415244774441414141414143416947634141414141414141513851774141414141414141696E67454141414141414544454D77414141414141414968344267414141414141414248504141414141414141494F495A41414141414141415244774441414141414143416947634141414141414141513851774141414141414141696E67454141414141414544454D77414141414141414968344267414141414141414248504141414141414141494F495A41414141414141415244774441414141414143416947634141414141414141513851774141414141414141696E67454141414141414544454D77414141414141414968344267414141414141414248504141414141414141494F495A41414141414141415244774441414141414143416947634141414141414141513851774141414141414141696E67454141414141414544454D77414141414141414968344267414141414141414248504141414141414141494F495A41414141414141415244774441414141414143416947634141414141414141513851774141414141414141696E67454141414141414544454D77414141414141414968344267414141414141414248504141414141414141494F495A41414141414141415244774441414141414143416947634141414141414141513851774141414141414141696E67454141414141414544454D77414141414141414968344267414141414141414248504141414141414141494F495A41414141414141415244774441414141414143416947634141414141414141513851774141414141414141696E67454141414141414544454D77414141414141414968344267414141414141414248504141414141414141494F495A41414141414141415244774441414141414143416947634141414141414141513851774141414141414141696E67454141414141414544454D77414141414141414968344267414141414141414248504141414141414141494F495A41414141414141415244774441414141414143416947634141414141414141513851774141414141414141696E67454141414141414544454D77414141414141414968344267414141414141414248504141414141414141494F495A41414141414141415244774441414141414143416947634141414141414141513851774141414141414141696E67454141414141414544454D77414141414141414968344267414141414141414248504141414141414141494F495A41414141414141415244774441414141414143416947634141414141414141513851774141414141414141696E67454141414141414544454D77414141414141414968344267414141414141414248504141414141414141494F495A41414141414141415244774441414141414143416947634141414141414141513851774141414141414141696E67454141414141414544454D77414141414141414968344267414141414141414248504141414141414141494F495A41414141414141415244774441414141414143416947634141414141414141513851774141414141414141696E67454141414141414544454D77414141414141414968344267414141414141414248504141414141414141494F495A41414141414141415244774441414141414143416947634141414141414141513851774141414141414141696E67454141414141414544454D77414141414141414968344267414141414141414248504141414141414141494F495A41414141414141415244774441414141414143416947634141414141414141513851774141414141414141696E67454141414141414544454D77414141414141414968344267414141414141414248504141414141414141494F495A41414141414141415244774441414141414143416947634141414141414141513851774141414141414141696E67454141414141414544454D77414141414141414968344267414141414141414248504141414141414141494F495A41414141414141415244774441414141414143416947634141414141414141513851774141414141414141696E67454141414141414544454D77414141414141414968344267414141414141414248504141414141414141494F495A41414141414141415244774441414141414143416947634141414141414141513851774141414141414141696E67454141414141414544454D77414141414141414968344267414141414141414248504141414141414141494F495A41414141414141415244774441414141414143416947634141414141414141513851774141414141414141696E67454141414141414544454D77414141414141414968344267414141414141414248504141414141414141494F495A41414141414141415244774441414141414143416947634141414141414141513851774141414141414141696E67454141414141414544454D77414141414141414968344267414141414141414248504141414141414141494F495A41414141414141415244774441414141414143416947634141414141414141513851774141414141414141696E67454141414141414544454D77414141414141414968344267414141414141414248504141414141414141494F495A41414141414141415244774441414141414143416947634141414141414141513851774141414141414141696E67454141414141414544454D77414141414141414968344267414141414141414248504141414141414141494F495A41414141414141415244774441414141414143416947634141414141414141513851774141414141414141696E67454141414141414544454D77414141414141414968344267414141414141414248504141414141414141494F495A41414141414141415244774441414141414143416947634141414141414141513851774141414141414141696E67454141414141414544454D77414141414141414968344267414141414141414248504141414141414141494F495A41414141414141415244774441414141414143416947634141414141414141513851774141414141414141696E67454141414141414544454D77414141414141414968344267414141414141414248504141414141414141494F495A41414141414141415244774441414141414143416947634141414141414141513851774141414141414141696E67454141414141414544454D77414141414141414968344267414141414141414248504141414141414141494F495A41414141414141415244774441414141414143416947634141414141414141513851774141414141414141696E67454141414141414544454D77414141414141414968344267414141414141414248504141414141414141494F495A41414141414141415244774441414141414143416947634141414141414141513851774141414141414141696E67454141414141414544454D77414141414141414968344267414141414141414248504141414141414141494F495A41414141414141415244774441414141414143416947634141414141414141513851774141414141414141696E67454141414141414544454D77414141414141414968344267414141414141414248504141414141414141494F495A41414141414141415244774441414141414143416947634141414141414141513851774141414141414141696E67454141414141414544454D77414141414141414968344267414141414141414248504141414141414141494F495A41414141414141415244774441414141414143416947634141414141414141513851774141414141414141696E67454141414141414544454D77414141414141414968344267414141414141414248504141414141414141494F495A41414141414141415244774441414141414143416947634141414141414141513851774141414141414141696E67454141414141414544454D77414141414141414968344267414141414141414248504141414141414141494F495A41414141414141415244774441414141414143416947634141414141414141513851774141414141414141696E67454141414141414544454D77414141414141414968344267414141414141414248504141414141414141494F495A41414141414141415244774441414141414143416947634141414141414141513851774141414141414141696E67454141414141414544454D77414141414141414968344267414141414141414248504141414141414141494F495A41414141414141415244774441414141414143416947634141414141414141513851774141414141414141696E67454141414141414544454D77414141414141414968344267414141414141414248504141414141414141494F495A41414141414141415244774441414141414143416947634141414141414141513851774141414141414141696E67454141414141414544454D77414141414141414968344267414141414141414248504141414141414141494F495A41414141414141415244774441414141414143416947634141414141414141513851774141414141414141696E67454141414141414544454D77414141414141414968344267414141414141414248504141414141414141494F495A41414141414141415244774441414141414143416947634141414141414141513851774141414141414141696E67454141414141414544454D77414141414141414968344267414141414141414248504141414141414141494F495A41414141414141415244774441414141414143416947634141414141414141513851774141414141414141696E67454141414141414544454D77414141414141414968344267414141414141414248504141414141414141494F495A41414141414141415244774441414141414143416947634141414141414141513851774141414141414141696E67454141414141414544454D77414141414141414968344267414141414141414248504141414141414141494F495A414141414141414152447744414141414141434169476341414141414141415138517741414141414141417954782F2B374D33643739753741774141584C7A743941766A412B2F34614463575A5037496A666450382B614A726741414C4D30382F64667079312F363157374150526A58333366532B4A72454D77414134504445733855537A774141675076477A6473506A65767675745874752F4A7349774141414141414145513841774141414141416749686E41414141414141414550454D414141414141414149703442414141414141424178444D4141414141414143496541594141414141414141527A774141414141414143446947514141414141414145513841774141414141416749686E41414141414141414550454D414141414141414149703442414141414141424178444D4141414141414143496541594141414141414141527A774141414141414143446947514141414141414145513841774141414141416749686E41414141414141414550454D414141414141414149703442414141414141424178444D4141414141414143496541594141414141414141527A774141414141414143446947514141414141414145513841774141414141416749686E41414141414141414550454D414141414141414149703442414141414141424178444D4141414141414143496541594141414141414141527A774141414141414143446947514141414141414145513841774141414141416749686E41414141414141414550454D414141414141414149703442414141414141424178444D4141414141414143496541594141414141414141527A774141414141414143446947514141414141414145513841774141414141416749686E41414141414141414550454D414141414141414149703442414141414141424178444D4141414141414143496541594141414141414141527A774141414141414143446947514141414141414145513841774141414141416749686E41414141414141414550454D414141414141414149703442414141414141424178444D4141414141414143496541594141414141414141527A77414141414141414344694751414141414141414551384177414141414141674D7A54687A3937632F66373975344141437A4C73394D342F656C6D574B2B54467A3433486E7676303931596B506B6A4E39342F7A5A736E75674941414678644E32382F4E4B362F3631613337306F384177425974712B4F52392F78493830414630343841774141376875764D3535357468454141414141414141696E67454141414141414544454D77414141414141414968344267414141414141414248504141414141414141494F495A41414141414141415244774441414141414143416947634141414141414141513851774141414141414141696E67454141414141414544454D77414141414141414968344267414141414141414248504141414141414141494F495A41414141414141415244774441414141414143416947634141414141414141513851774141414141414141696E67454141414141414544454D77414141414141414968344267414141414141414248504141414141414141494F495A41414141414141415244774441414141414143416947634141414141414141513851774141414141414141696E67454141414141414544454D77414141414141414968344267414141414141414248504141414141414141494F495A41414141414141415244774441414141414143416947634141414141414141513851774141414141414141696E67454141414141414544454D77414141414141414968344267414141414141414248504141414141414141494F495A41414141414141415244774441414141414143416947634141414141414141513851774141414141414141696E67454141414141414544454D77414141414141414968344267414141414141414248504141414141414141494F495A41414141414141415244774441414141414143416947634141414141414141513851774141414141414141696E67454141414141414544454D77414141414141414968344267414141414141414248504141414141414141494F495A41414141414141415244774441414141414143416947634141414141414141513851774141414141414141696E67454141414141414544454D77414141414141414968344267414141414141414248504141414141414141494F495A41414141414141415244774441414141414143416947634141414141414141513851774141414141414141696E67454141414141414544454D77414141414141414968344267414141414141414248504141414141414141494F495A41414141414141415244774441414141414143416947634141414141414141513851774141414141414141696E67454141414141414544454D77414141414141414968344267414141414141414248504141414141414141494F495A41414141414141415244774441414141414143416947634141414141414141513851774141414141414141696E67454141414141414544454D77414141414141414968344267414141414141414248504141414141414141494F495A41414141414141415244774441414141414143416947634141414141414141513851774141414141414141696E67454141414141414544454D77414141414141414968344267414141414141414248504141414141414141494F495A41414141414141415244774441414141414143416947634141414141414141513851774141414141414141696E67454141414141414544454D77414141414141414968344267414141414141414248504141414141414141494F495A41414141414141415244774441414141414143416947634141414141414141513851774141414141414141696E67454141414141414544454D77414141414141414968344267414141414141414248504141414141414141494F495A41414141414141415244774441414141414143416947634141414141414141513851774141414141414141696E67454141414141414544454D77414141414141414968344267414141414141414248504141414141414141494F495A41414141414141415244774441414141414143416947634141414141414141513851774141414141414141696E67454141414141414544454D77414141414141414968344267414141414141414248504141414141414141494F495A41414141414141415244774441414141414143416947634141414141414141513851774141414141414141696E67454141414141414544454D77414141414141414968344267414141414141414248504141414141414141494F495A41414141414141415244774441414141414143416947634141414141414141513851774141414141414141696E67454141414141414544454D77414141414141414968344267414141414141414248504141414141414141494F495A41414141414141415244774441414141414143416947634141414141414141513851774141414141414141696E67454141414141414544454D77414141414141414968344267414141414141414248504141414141414141494F495A41414141414141415244774441414141414143416947634141414141414141513851774141414141414141696E67454141414141414544454D77414141414141414968344267414141414141414248504141414141414141494F495A41414141414141415244774441414141414143416947634141414141414141513851774141414141414141696E67454141414141414544454D77414141414141414968344267414141414141414248504141414141414141494F495A41414141414141415244774441414141414143416947634141414141414141513851774141414141414141696E67454141414141414544454D77414141414141414968344267414141414141414248504141414141414141494F495A41414141414141415244774441414141414143416947634141414141414141513851774141414141414141696E67454141414141414544454D77414141414141414968344267414141414141414248504141414141414141494F495A414141414141414152447744414F4266324C767A634C764F2B724433373775503541484D3046437734357663444E53534C5138513556374B55354B347965317A51394F3061664B59304B5474307A616B534C4A5562457043307951334A327162704541436842684C703541455342674D4A45774A55346E4243545042594978745351634442736557445869515A49336E375065756F2F58446C71787A644B5939724C33583577503766582B2F62663631483943587454594141414141515477444141414141414341494A34424141414141414241454D3841414141414141416769476341414141414141415178444D41414141414141414934686B41414141414141414538517741414141414141434365415941414141414141424250414D4141414141414941676E67454141414141414541517A77414141414141414343495A77414141414141414244454D7741414141414141416A69475141414141414141415478444141414141414141494A3442674141414141414145453841774141414141416743436541514141414141415142445041414141414141414949686E4141414141414141454D517A4141414141414141434F495A41414141414141414250454D4141414141414141676E67474141414141414141515477444141414141414341494A34424141414141414241454D3841414141414141416769476341414141414141415178444D41414141414141414934686B41414141414141414538517741414141414141434365415941414141414141424250414D4141414141414941676E67454141414141414541517A77414141414141414343495A77414141414141414244454D7741414141414141416A69475141414141414141415478444141414141414141494A3442674141414141414145453841774141414141416743436541514141414141415142445041414141414141414949686E4141414141414141454D517A4141414141414141434F495A41414141414141414250454D4141414141414141676E67474141414141414141515477444141414141414341494A34424141414141414241454D3841414141414141416769476341414141414141415178444D41414141414141414934686B41414141414141414538517741414141414141434365415941414141414141424250414D4141414141414941676E67454141414141414541517A77414141414141414343495A77414141414141414244454D7741414141414141416A69475141414141414141415478444141414141414141494A3442674141414141414145453841774141414141416743436541514141414141415142445041414141414141414949686E4141414141414141454D517A4141414141414141434F495A41414141414141414250454D4141414141414141676E67474141414141414141515477444141414141414341494A34424141414141414241454D3841414141414141416769476341414141414141415178444D41414141414141414934686B41414141414141414538517741414141414141434365415941414141414141424250414D4141414141414941676E67454141414141414541517A77414141414141414343495A77414141414141414244454D7741414141414141416A69475141414141414141415478444141414141414141494A3442674141414141414145453841774141414141416743436541514141414141415142445041414141414141414949686E4141414141414141454D517A4141414141414141434F495A41414141414141414250454D4141414141414141676E67474141414141414141515477444141414141414341494A34424141414141414241454D3841414141414141416769476341414141414141415178444D41414141414141414934686B41414141414141414538517741414141414141434365415941414141414141424250414D4141414141414941676E67454141414141414541517A77414141414141414343495A77414141414141414244454D7741414141414141416A69475141414141414141415478444141414141414141494A3442674141414141414145453841774141414141416743436541514141414141415142445041414141414141414949686E4141414141414141454D517A4141414141414141434F495A41414141414141414250454D4141414141414141676E67474141414141414141515477444141414141414341494A34424141414141414241454D3841414141414141416769476341414141414141415178444D41414141414141414934686B41414141414141414538517741414141414141434365415941414141414141424250414D4141414141414941676E67454141414141414541517A77414141414141414343495A77414141414141414244454D7741414141414141416A69475141414141414141415478444141414141414141494A3442674141414141414145453841774141414141416743436541514141414141415142445041414141414141414949686E4141414141414141454D517A4141414141414141434F495A41414141414141414250454D4141414141414141676E67474141414141414141515477444141414141414341494A34424141414141414241454D3841414141414141416769476341414141414141415178444D41414141414141414934686B41414141414141414538517741414141414141434365415941414141414141424250414D4141414141414941676E67454141414141414541517A77414141414141414343495A77414141414141414244454D7741414141414141416A69475141414141414141415478444141414141414141494A3442674141414141414145453841774141414141416743436541514141414141415142445041414141414141414949686E4141414141414141454D517A4141414141414141434F495A41414141414141414250454D4141414141414141676E67474141414141414141515477444141414141414341494A34424141414141414241454D3841414141414141416769476341414141414141415178444D41414141414141414934686B41414141414141414538517741414141414141434365415941414141414141424250414D4141414141414941676E67454141414141414541517A77414141414141414343495A77414141414141414244454D7741414141414141416A69475141414141414141415478444141414141414141494A3442674141414141414145453841774141414141416743436541514141414141415142445041414141414141414949686E4141414141414141454D517A4141414141414141434F495A41414141414141414250454D4141414141414141676E67474141414141414141515477444141414141414341494A34424141414141414241454D3841414141414141416769476341414141414141415178444D41414141414141414934686B41414141414141414538517741414141414141434365415941414141414141424250414D4141414141414941676E67454141414141414541517A77414141414141414343495A77414141414141414244454D7741414141414141416A69475141414141414141415478444141414141414141494A3442674141414141414145453841774141414141416743436541514141414141415142445041414141414141414949686E4141414141414141454D517A4141414141414141434F495A41414141414141414250454D4141414141414141676E67474141414141414141515477444141414141414341494A34424141414141414241454D3841414141414141416769476341414141414141415178444D41414141414141414934686B41414141414141414538517741414141414141434365415941414141414141424250414D4141414141414941676E67454141414141414541517A77414141414141414343495A77414141414141414244454D7741414141414141416A69475141414141414141415478444141414141414141494A3442674141414141414145453841774141414141416743436541514141414141415142445041414141414141414949686E4141414141414141454D517A4141414141414141434F495A41414141414141414250454D4141414141414141676E67474141414141414141515477444141414141414341494A34424141414141414241454D3841414141414141416769476341414141414141415178444D41414141414141414934686B41414141414141414538517741414141414141434365415941414141414141424250414D4141414141414941676E67454141414141414541517A77414141414141414343495A77414141414141414244454D7741414141414141416A69475141414141414141415478444141414141414141494A3442674141414141414145453841774141414141416743436541514141414141415142445041414141414141414949686E4141414141414141454D517A4141414141414141434F495A41414141414141414250454D4141414141414141676E67474141414141414141515477444141414141414341494A34424141414141414241454D3841414141414141416769476341414141414141415178444D41414141414141414934686B41414141414141414538517741414141414141434365415941414141414141424250414D4141414141414941676E67454141414141414541517A77414141414141414343495A77414141414141414244454D7741414141414141416A69475141414141414141415478444141414141414141494A3442674141414141414145453841774141414141416743436541514141414141415142445041414141414141414949686E4141414141414141454D517A4141414141414141434F495A41414141414141414250454D4141414141414141676E67474141414141414141515477444141414141414341494A34424141414141414241454D3841414141414141416769476341414141414141415178444D41414141414141414934686B41414141414141414538517741414141414141434365415941414141414141424250414D4141414141414941676E67454141414141414541517A77414141414141414343495A77414141414141414244454D7741414141414141416A69475141414141414141415478444141414141414141494A3442674141414141414145453841774141414141416743436541514141414141415142445041414141414141414949686E4141414141414141454D517A4141414141414141434F495A41414141414141414250454D4141414141414141676E6747414141414141414149616564652B366F377166554B77414144584E2F325854422B54454439467A657565646670707A665849317271382F4538533842414144473064356A5A35624A4455646A573141757063514941414241572B57703656645531395831426741414D496157474D2B3874684541414141414141434365415941414141414141424250414D4141414141414941676E67454141414141414541517A77414141414141414343495A77414141414141414244454D7741414141414141416A69475141414141414141415478444141414141414141494A3442674141414141414145453841774141414141416743436541514141414141415142445041414141414141414949686E4141414141414141454D517A4141414141414141434F495A41414141414141414250454D4141414141414141676E67474141414141414141515477444141414141414341494A34424141414141414241454D3841414141414141416769476341414141414141415178444D41414141414141414934686B41414141414141414538517741414141414141434365415941414141414141424250414D4141414141414941676E67454141414141414541517A77414141414141414343495A77414141414141414244454D7741414141414141416A69475141414141414141415478444141414141414141494A3442674141414141414145453841774141414141416743436541514141414141415142445041414141414141414949686E4141414141414141454D517A4141414141414141434F495A41414141414141414250454D4141414141414141676E67474141414141414141515477444141414141414341494A34424141414141414241454D3841414141414141416769476341414141414141415163696B6C52674141414E6F715430322F6F727175726A63416744465679677454376E346F4E714274746D7934705853376934597838517741414144784441426F68394B396F6D78652F32657841637A4C61787342414141414147694A374D2F45675558354277554141414141414F3251713338424C45493841774141414143674862705A50414D574A5A344241414141414E414F48552B65415973547A774141414141416149665339576669774B4C386777494141414141674862776D326641456F686E4141414141414330512F47625A38446978444D4141414141414E72426B326641456F686E414141414141433051386E2B544278596C48395141414141414144514470343841355A4150414D41414141416F42314B57524D5477494C454D77414141414141326B453841355A4150414D41414141416F4230364866454D574A523442674141414142414F33544C5245774143784C50414141414141426F6830373235426D774B50454D4141414141494232384A746E77424B495A774141414141417445503235426D774F50454D4141414141494232384F515A734154694751414141414141375A447A5245774143784C50414141414141426F6835493865515973536A774441414141414B416C79746F594142596B6E67454141414141304134356E52455477494C454D774141414141413271466B385178596C486747414141414145424C6C444E6A4146695165415941414141415144746B5435344269785050414141414141426F43302B65415973537A77414141414141614174506E67474C45733841414141414147674C5435344269784C50414141414141426F682B4C4A4D32427834686B4141414141414F325150586B474C45343841774141414143674C5478354269784B50414D41414141416F43334F696874675165495A41414141414141745563364F4157424234686B41414141414143325278544E675565495A4141414141414274495A344269784C50414141414141426F69386645446241673851774141414141674C59344D322F6637732F466764507944776B4141414141414E726A6E4A2F32366B6267744D517A414141414141446134387975567A63437079576541514141414144514874307A50486B476E4A5A34426741414141424165357778495A344270795765415141414141445148746C72473448544538384141414141414769503773526A59774B596C33674741414141414543626E424D33774C7A454D77414141414141577153495A3842706957634141414141414C5248546F2B4C4357426534686B4141414141414333533865515A63467269475141414141414162534B654161636C6E674541414141413042375A623534427079656541514141414144514A75495A63467269475141414141414137564853343249436D4A64344267414141414241652B547379545067744D517A414141414141446177354E6E77434C454D7741414141414132694F6E4A3851454D432F7844414141414143414E6E6C693341447A457338414141414141476754543534427079576541514141414144514A75495A63467269475141414141414162664C5976506E47745445446E454938417741414141436758646164342B6B7A59454869475141414141414137584C474D66454D574A423442674141414142417533516D78444E675165495A41414141414144744D744635596B774170784450414141414141426F6C3234577A344146695763414141444D4B5845444149792F584C346A4A6F4254694763414141444D705450784441426F6A357A454D32424234686B4141414141414332546E78514477436E454D774141414F5A655865544A4D774367545478354269784950414D41414D4272477747417476486B476241673851774141494335332F30517A7743414E76486B47624167385177414149424B467338416744627835426D774950454D41414141414943323865515A7343447844414141414C3935426743306A5867474C4567384177414177472B654151427463316265636573354D514F635244774441414367556D5A6A4141426F68377A324B5445426E455138417741416F4A4B374D51414174454E3335736B78415A784550414D414147434F65415941744576756550494D6D4A643442674141514D56724777474174736E6947544176385177414149434B317A59434143325478544E676675495A4141414146552B65415141746B3550665041506D4A5A34424141417778354E6E414544626550494D6D4A6434426741415143563738677741614A6B696E67487A457338414141436F46452B6541514174347A665067506D4A5A7741414146543835686B413044726E786731774576454D414143415370364A415143674C5A365374392B774A6D614168346C6E41414141704654454D7743676454727076504D3966516163516A77444141416770567A454D7743676657613633786B54774D50454D77414141464C716576494D414769686958522B5441415045383841414142494B5866464D77436766584C7935426C774376454D414143416C4C496E7A7743414E7571495A38417078444D414141433874684541614B645378445067464F495A4141414158747349414C52543970746E774B6E454D77414141464C716473517A414B42395368625067464F495A774141414B51304D5873734A67434139736A7075324943654A6834426741415143574C5A774241477A303562372F68724A67426A68505041414141534B6D626A735945414E416D4F54336C795A342B413034696E67454141434365415141744E7648644D5141634A3534424141435155756C3462534D413046496438517734695867474141424153684F6550414D4157717154784450674A4F495A414141414B63306546633841674A597134686C774576454D414141415435344241433257785450674A4F495A414141414B52307234686B4130453746617875426B346C6E41414141704E54744849734A414B4264637672656D41434F45383841414142493655797662515141577574782B64706454346F5A51447744414143676375383344736345414E412B4A583966544144694751414141436D567963746E716D753233674141576D5A4350414D65495A344241414477625A342B417744614B5366784448695965415941414D433348596B62414B4264764C59524F49463442674141774C654A5A774241573331763341446947514141414B463462534D4130464A653277696351447744414143676C6A3135426743303176666B3764763965546C776E4838594141414145496F6E7A774341746A6F722F62336E6646664D514D754A5A774141414E534B4A38384167425A62732F61436D494357453838414141436F35657A4A4D77436776584A5850414F4F453838414141436F6C58516F4A67434139756E6B6678415430484C6947514141414C55736E674541625A5939655159634A353442414144776251666A4267426F492F454D4F45343841774141344E733865515941744E6E33352B652B66534A6D6F4D58454D7741414147716C69476341514A75646D58376B7376387A5A71444678444D41414142714F59746E41454337645970584E774C6947514141414138547A7743416475756B43324D43576B7738417741416F4F61316A5142413235584F525445424C5361654151414145504C424741414132696B6E385177517A7741414150673254353442414B3233495736677863517A414141416169552F46424D41514673394F562B3736306B784179306C6E6745414146444C5866454D414B417A34656B7A61446E784441414167467133493534424143532F65775A744A353442414142513638794B5A774141575479447468505041414141714D33367A544D41674A544B785445414C53576541514141554A7677326B5941674A5479705445414C53576541514141554474365244774441456A7076487A4E353538634D39424334686B4141414331745A3438417741347276505979324943576B6738417741416F486276327735575A366B584149415736785376626F51574538384141414134726B784F647174724C714142414C53644A382B677863517A414141415472512F626743413973725A6B3266515975495A414141414A7A6F514E7742416D3132636E2F7632695A69426C684850414141414F45487835426B415145706E70782B3939422F45444C534D65415941414D434A78444D4167446D6C737A456D6F4758454D77414141453651766259524147424F4C75495A744A52344267414177434F4B4A3838414147723542324D41576B5938417741413442465A50414D414F43366E48386964546F344E614248784441414167424E3562534D41514F324A3656553366332F4D514975495A774141414A7A496B326341414E2B325A71336650594D5745733841414142345244667469776B41674A7A464D3267683851774141494248644E4B444D5145416B4D6F50786743306948674741414441497A7835426742776776782F3530346E78774B30684867474141444143596F6E7A77414148764845394165373173634D744952344267414177416D4B4A383841414534306B6639685445424C69476341414141386F6E513965515941634C4A6E78673230684867474141444149334C586B3263414143664B785A4E6E30444C694751414141492F5966305138417741345362343062372F784D6245414C534365415141413849684437396C666E64313641514367736961642B3767666A426C6F4166454D414143416835584A79626C774E68665141414234574E66766E6B474C694763414141413832674E78417741774A336565465250514175495A414141416A796165415143633749647970354E6A4273616365415941414D436A33523833414143314A365658666647696D4945784A35344241414477614A343841774234744C5554507877544D4F62454D7741414142366C69476341414939574F6A3855457A446D78444D41414141654A587474497744416F2B586B79544E6F4366454D414143416B7856506E6745417A4F4E37386F3562766A746D5949794A5A774141414A7773693263414150504B61792B504352686A34686B414141416E363362454D7743412B6554386F7A454259307738417741413447536432667469416744675A4438574E7A444778444D414141424F31733369475144412F4C343337357A2B2F7069424D5357654151414163444C78444144674E49716E7A32444D6957634141414363624D316838517741594748694759773538517741414943543762312F4C70365665674541344351352F326A7564484A7377426A4B70666A6651774141414A77735430302F57463250727A6341414534794F334E4A75664B6957324944786F776E7A7741414144685653642B4B43514341523575592B48396A4173615165415941414D437063764B375A77414143796E353254454259306738417741415942354650414D415745684F50354B33332F695932494178493534424141427771704C464D774341685A32566E7679346678777A4D4762454D774141414F627A7A626742414A6850703368314934777038517741414942545A66454D414F4330737438396733456C6E674541414441663851774134505175794E666338745359675445696E6745414144416638517741594446727A76694A6D494178497034424141427771694B654151417377552F46445977523851774141494254695763414149764C3655667937392F30784E69414D53476541514141634B725A772B495A414D44693171597A48764E50597762476848674741414441716235316E336747414C41553261736259647A6B556B714D41414141384967384E62322F757336704E77414146764267326E76734B575679773948596752486E79544D414141446D563949335967494159474650534F64314C6F385A47415069475141414141736F39385941414D427054667830444D4159454D38414141425951426250414143576F715366796339392B305273774967547A7741414146694965415941734251356E5A762B3861552F456873773473517A4141414146694B65415141735661647A52557A4169425050414141416D4638753334674A414944466558556A6A416E7844414141674155555435344241437A6465656E484C7633686D4945524A703442414143774150454D414742354F732B4A4152686834686B414141447A4F7A59686E6745414C4D38566566734E6132494752705234426741417750776D6A74305445774141532F4F55644F37355078347A4D4B4C454D774141414F62336B56752F555A327A39514941774A4C6B386D3969416B5A554C715845434141414143664C4F36663370707A4F6A525541674D5564544D66752F38367937526E37596764476A436650414141415746684F65324D4341474270487050572F72326669526B595165495A414141414379764A37353442414378585356376443434E4D50414D41414F423050486B47414C42634F66316F336E484C643863476A426A78444141416749563562534D4177457030556D66747634385A4744486947514141414B645278444D41674A556F2B542F6B376476394754794D49482F6A41674141734C42532F4F595A414D424B3550523936627A6E2F6A2B7841534E4550414D41414742684A643064457741417931556D6E6863544D454C454D774141414262577A65495A414D424B35665176383876332F503359674245686E674541414C4377387342644D5145417348786E7073656B66784D7A4D434C454D77414141425A55746A316A5833553956473841414378627A70747970354E6A4130614165415941414D426950483047414C427946365964742F36546D494552494A3442414143774750454D414742564A7262464149774138517741414942466C4C746A414142675A66355A667657653734735A61446A7844414141674E4D72325A4E6E414143724D354857704330784177306E6E6745414148423632577362415142574C7A3876762F4B545A3863434E4A683442674141774F6C3178544D41674237346A6E54576B2F35747A454344695763414141436358706E39753567414146694E6E46365574322F33352F4C516350346D425141413450533634686B4151492B73532B662B334C2B494757676F38517741414944542B395933352B4A5A715263414146596C35312B4F4357696F5849722F2F514D41414D447035616E706536767279665547414D44716C4238716D395A394C42616759547835426741417742495572323445414F675A543539426B346C6E414141414C4D576463514D417348722F50463937323855784177306A6E674541414C41556E6A7744414F6964547071592B505759675959527A774141414668633865515A41454276355A2F4E4F3659766967566F4550454D41414341786555736E6745413946596E6459716E7A36434278444D41414141574E35752B48684D41414432546E357433376C34664339415134686B414141424C4D43756541514430336B544B6E562B4C475767493851774141494446485831674C703656656745416F49642B506C393732385578417730676E674541414C436F6376557A443158584E2B734E414941656D6B6754613334725A71414278444D4141414357366D747841774451577A2B56642B7A2B527A454451796165415141417346546947514241763351362F7A4D6D594D6A454D774141414A616F7A503375475141412F664844655772585438594D444A46344267414177424A6C5435344241505456784F2F6B37546573695155594576454D414143414A664C6B475142416E3132537A76764F3538634D44496C3442674141774E4C4D7A74345245774141665A502F5733376C72643852437A414534686B414141424C4D7A5037315A6741414F69664A36577A3176786D7A4D415135464A4B6A414141414C4377334F6E6B74475033513956346476304E414142394D704E6D5A35356572727A6F6C74694241664C6B4751414141457453757432352F2F656C567A6343415054666D6A517838637159675145547A774141414669366B727936455142674950492F7954756D66793457594944454D774141414A597546302B654151414D5369653950502F2B54552B4D44526751385177414149446C384F515A414D44676E4A664F5050736C4D514D44497034424141437744466B3841774159704A782F4D552F7465565A73774143495A77414141437A64374B7A584E6749414446596E7062777A62372F316A4E69425068505041414141574C72632F55704D4141414D7A6958707644572F455450515A376D5545694D414141436358753530637471782B3041315071622B42674341415A6C4A33664B5079705A316E346B6436424E506E674541414C426B706475642B33396765766F4D414744773171524F666E336566734E5A73514E394970344241414377504356394F535941414162726F6E54752B6238564D39416E34686B414141444C6B34736E7A7741416869576E712F504F585A66484276534265415941414D44796444313542674177524A337133332B6172393331704E69424868505041414141574B59696E6745414446504F3335556D4A763477647A6F3576674636534477444141426765547065327767413041412F6C6137647653316D6F4966454D774141414A626E774E473565466271425143416F636E705A586E48394E4E6A4133704550414D414147425A796F737565366936397459624141424464476271704F767953323938517578414434686E414141414C46394A74386345414D4277725574504F4F6450382F62742F7277666573546654414141414378664C6C2B4B435143416F63732F6D6337392B636C59674655537A774141414669424C4A34424144524A54722B65642B372B46374542717943654151414173487A644A4A34424144524C4A2B584F6E2B5164307866464471795165415941414D44796462742B387777416F486B656E334C36797A7A31686166454471794165415941414D44797A527A3235426B415142506C394832706E5058752F4D70506E683366414D736B6E674541414C42733561716E5056426433367733414141614A65642F6D4D352B3068767939753061414B794176334541414142596D564B38756845416F4C6D75534F662B3345746942705A4250414D4141474346386E514D414141305563362F6C48644D2F314A7377424B4A5A774141414B784D4C6E7469416743677154727070586E6E39504E6A41355A4150414D414147426C756C6B384177426F766C7A39613065656D76355873514F4C454D3841414142596D63364D654159414D42726D57734162387453756E367858344854454D7741414146616D572B5A2B38367A55437741414462633270596D333557756E66794A32594148694751414141437453746D7734554631333178734141435067724453522F6A7A76325033505977666D495A344241414377476C3764434141775773354D6E633762383437706E346B646542547844414141674A557252547744414267395A36524F656B76657565633573514D6E454D384141414259755A7A464D774341306253322B75397962383437392F7869374541517A77414141466946326430784141417765695A537A76387237397A7A363745444666454D414143416C65743264385545414D426F79696E6E2F35366E39767842337235644D34434B767845414141425975592F632B705871504649764141434D727277746E66667A6238375876502F4D2B414A614B356453596751414149446C793150544E3166584A665547414D43492B31684B6833366D624C72733374696864547835426741417747703564534D4177506834566B706E6679712F6576656C73555072694763414141437354696E694751444165506E65744B627A3062787A2B702F46447130696E674541414C413657547744414268446A303835765376766D50366C334F6E6B2B4135615154774441414267645972584E6749416A4B6D4A31456B76537A7432767A572F6250666A346A7359652B495A4141414171314E6D64382B643951494177426936496A322B38356C38375730587877356A54547744414142675663715744516571362B7631426744416D4671664A745A384D752B592F726E595957794A5A774141415054434C5845444144432B7A6B6D64394B59384E6632612F4874666547783842324E4850414D41414B414879713078414141772F6E34786E585032332B6170323334676468677234686B4141414339494A3442414C544C68536B646634336A4C2B564F4A3864334D4262454D77414141466176644D557A414944324F534E31307376536A743376793150542F30643842794E5050414D4141474431396832387254704C765141413044492F586E317579564E37667146655962546C55767876477741414146597637397A7A395A547A6438554B41454137665342316A2F3748737558697238634F493865545A77414141505249397570474141422B5048584F75446E7633504F4C6667754E5553576541514141304273353352495441414474396F5355383276536A74312F6B312B392B394C34446B614765415941414543506C432F474141414163353656316E512B6D36656D58354A333348704F6641654E4A3534424141445149316B384177446730645A576E78656E7A747062383954305439646651624F4A5A7741414150544767554E7A7232337331677341414A7A6B753676506E2B656430782F4B4F2F6463566E38467A5A524C4B544543414144413675537050562B717A7166474367414138356C4E70667868796F662F76374C70736E766A4F32674D543534424141445151313764434144416F695A537A73395036657A70504C586E562F4C324738364B3736455278444D41414142367149686E4141417331654E5479722B547A6A742F56353761387774352B773172346E73594B76454D4141434148764C6B47514141792F593931582B502F4D4E3033766C667A464E37666A5A334F6A6D2B683645517A774141414F6964325A6D6259774941674F56616E314B2B4C75335939646C38376652506947674D5379366C78416741414143726B7A666675446239774F5032562B4F5A39546341414C42696E303364394E7670336A65397330784F64754D373644767844414141674A374B55337475724D346669425541414662726C6C53367635302B66504E3135626F725A754D373642757662515141414B4458766841334141443077735570643936596675797933586E6E3950507A3968764F69752B684C38517A414141416575326D754145416F49667955314E4F552B6D3838372B57643035767A362F3634726E784636436E78444D4141414236617A5A373867774167483536637372704E394B5A5A3936527036622F4D452F747569532B683537776D32634141414430564837356E722B664870752F45537341415052627166373956366D6264365237373370336D6278384A7236484652485041414141364C6B384E6631333158562B76514541774D444D2F66665131365A6A68313962746C31365A2F30564C49393442674141514D2F6C71656E335674632F7254634141426934756166502F694A31793154367942662B64376E7569746E36613169636541594141454450355A33542F7A506C3946396942514341595A70374775315055756D2B726D78657637762B4368596D6E674541414E427A65577236583158586D2B734E41414161342B4F706C44394F4D772B387457783778723734446B34696E674541414E427A6565667539536C336473554B4141424E63366A362F4758716471394C522B372F79334C314D2B64324F453438417741416F4F667939753264644E37505031694E3539546641414241592B31504A62307235646E72307437754238766B687150785053306C6E674541414E4158655772366F39583172486F444149435263462F316557644B732B3949652B2F35554A6D382F4844394E5730696E674541414E4158656566304E536D6E72624543414D436F4F5642393370394B6556633663756776796C56506536442B6D6E456E6E674541414E4158656365653536564F666D32734141417779755A6535666A68564D723755376637336E4C6C6858767172786C4834686B41414142396B612F647454464E54487732566741414743506C397570345830726444365144527A3963586E545A512F58336A41507844414141674C374931377A2F7A4C54327166757263573339445141416A4B556A4B5A572F72753450705A6C79666672726D7A3958727274697476354C6A434C7844414141674C374A5533732B563531506A785541414E72672F6C544B6831504F483037',NULL,61.64);
INSERT INTO `tb_gambar` VALUES (3,9,'gembok.png','image/png',X'6956424F5277304B47676F414141414E5355684555674141414F45414141446843414D414141414A62534A49414141416546424D5645554241414C2F2F2F384141414373724B7A7938764B6D707161486834666B354F5338764C797973724C32397661666E352F352B666C465245586E352B664778735A7A63335056316458743765316257317436656E7053556C4D704B536F334E7A633850447A45784D566F5A3267754C692B596D4A6A4D7A4D794F6A6F34544568506132746F6347783171616D6F584668644A53456C585631676A49694D724B7978446157516F41414146576B6C45515652346E4F3363363159694F78414659416758515541756F67324D436A4C4365663833504341635A2B5467564F314B706132315A752B2F7379616444394B6436695459614E615159587661483877665274586A36377178666E327352672F7A51582F6148745A78385562704339794E753776305658626438563370447051566A69654C453656784C61642F576B7A4752667451554C69632F45483357546C5A6C7574474B65464E56395A39556E5A764376576B6A50423570645839706C7739462B6C4C43574776516E316E593955723042742F34585268385A324E6F366C37663779464E2F443476444375764F39485A2B46546A75397348506832795656344E3872306E597876726C5741703743542B77562B66493064783137354359637246392F4A755055725764324573386F4E654352574D362B4F65516D6E6A7236543057766563424C326E49464859742B6E617A3543662B435232484C706D347577424E434E36434573417A775350535A2F423245706F4E4F396D43386346774D6569666C76564E6E4375344C41497A4737454D3856446E2B55424236496A647970503165344C51733845422B2B562F68556449792B433150334F34556C6E7A4B2F69486B4C63566E4357513341497A48725673775372756F41486F6A33337955734E395666434C4D6D2F67786875795A67356A6A4E454E593052742B4A476550554C717A6A4F666F687A4B6A65374D4C482B6F4148346F2F36685233344B2F793063776A2F582F4F4C6C4656347534633665574C74522F66622B575337576A52675A5671336178594F675034644E54386E6E5533373975507A6D5331665268677950645572764E563337754259763178373273383665344359307532564E736F4A75774477376573397378367779477174774731433956636F72744150314D5355624F76674E71473258796E747047706B383150646C6D33707A5351634B7566436C4F614B31725A61596D58707130326F4C4C6C54656C453139364A747A6E51737853523855505A492B344458456C65577A6C7145756C32596C4362714672764B46693162707862685850654A7677464E376E524E5769594D6931443367554E6C6C713449544D6E5157344E777165734D646A5A474F66494E4232344D51733249516D374355315250473875624D4335554C62415A5867582B555831776548474B4331737149623532394B775334734D5546393572656D4A354A64664D736D6B4C4E77734C4E595055647378676F326B5A482F32777346666D6B7A35477363746A474B61775544486470375242573332505A7361416E394734634B336F7851357439427A466E5A6A57614B4F6F634B723543713148303565614C784864464561466968576F744166622F42564637516166366B4F466D6F466B50316E34704767644C5774516F54794F55724B75624B716D49726A36426F58506969376B624C7A4C5177536561304768356A624D4F6176565637515072752B4451726C6B79397554316778546343344368664C706D627774616357724756727A596B4C4641536A7A2F734970386D32414870504368484A646C5875325679362F30643153544E6952502B463935686C302B5555594843575963434A663372536D2B56766B307748674A5443685972724B506466626B69395251634D454572624646347638492F6161577832616A7944686A654C716D4F644B464E654148716151554B343430674C6A58496D387234573935304E43756654505053725A314377695941395453436A76625476384A6B737849326C324A54384343525656616634767A2B563155326A5042784F4B56576E4F752B462F6B6338497046656B5055696F654D77352F4B704F72477177427A5969484D704361507838456646654B4366634F443844766F6A695959727342534E4365626B37383958706C4266354D6B6A686841675645373748627759566C536B7935534E43786155392F76434459727041506B68454B4C352F4F2F784B71616D71667047364168474B4A5531745171513252495469376C666D627A2F4F6B5265446F41306F52436850565076386B71625A6E4D6C766F636A2B4A434955562F714D5A2B73754970384C684659732F7944737444366E58346C58666D773570435075514B5771662F6C2F544D4C2F2F326B7534634958782F48744D567A484B425376464355555568672F4646495950785253474438555568672F4646495950785253474438555568672F4646495950785253474438555568672F4646495950785253474438555568672F4646495950785253474438555568672F4646495950785253474438555568672F4646495950785253474438555568672F4646495950785253474438555568672F4646495950785253474438555568672F4646495950785253474438555568672F4646495950785253474438555568672F4646495950785253474438555568672F4646495950785253474438555568672F4646495950785253474438555568672F46464959507852534744392F742F426670615A7866745A7379376341414141415355564F524B35435949493D',NULL,1.52),(4,10,'gembok.png','image/png',X'6956424F5277304B47676F414141414E5355684555674141414F45414141446843414D414141414A62534A49414141416546424D5645554241414C2F2F2F384141414373724B7A7938764B6D707161486834666B354F5338764C797973724C32397661666E352F352B666C465245586E352B664778735A7A63335056316458743765316257317436656E7053556C4D704B536F334E7A633850447A45784D566F5A3267754C692B596D4A6A4D7A4D794F6A6F34544568506132746F6347783171616D6F584668644A53456C585631676A49694D724B7978446157516F41414146576B6C45515652346E4F3363363159694F78414659416758515541756F67324D436A4C4365663833504341635A2B5467564F314B706132315A752B2F7379616444394B6436695459614E615159587661483877665274586A36377178666E327352672F7A51582F6148745A78385562704339794E753776305658626438563370447051566A69654C453656784C61642F576B7A4752667451554C69632F45483357546C5A6C7574474B65464E56395A39556E5A764376576B6A50423570645839706C7739462B6C4C43574776516E316E593955723042742F34585268385A324E6F366C37663779464E2F443476444375764F39485A2B46546A75397348506832795656344E3872306E597876726C5741703743542B77562B66493064783137354359637246392F4A755055725764324573386F4E654352574D362B4F65516D6E6A7236543057766563424C326E49464859742B6E617A3543662B435232484C706D347577424E434E36434573417A775350535A2F423245706F4E4F396D43386346774D6569666C76564E6E4375344C41497A4737454D3856446E2B55424236496A647970503165344C51733845422B2B562F68556449792B433150334F34556C6E7A4B2F69486B4C63566E4357513341497A48725673775372756F41486F6A33337955734E395666434C4D6D2F67786875795A67356A6A4E454E593052742B4A476550554C717A6A4F666F687A4B6A65374D4C482B6F4148346F2F36685233344B2F793063776A2F582F4F4C6C4656347534633665574C74522F66622B575337576A52675A5671336178594F675034644E54386E6E5533373975507A6D5331665268677950645572764E563337754259763178373273383665344359307532564E736F4A75774477376573397378367779477174774731433956636F72744150314D5355624F76674E71473258796E747047706B383150646C6D33707A5351634B7566436C4F614B31725A61596D58707130326F4C4C6C54656C453139364A747A6E51737853523855505A492B344458456C65577A6C7145756C32596C4362714672764B46693162707862685850654A7677464E376E524E5769594D6931443367554E6C6C713449544D6E5157344E777165734D646A5A474F66494E4232344D51733249516D374355315250473875624D4335554C62415A5867582B555831776548474B4331737149623532394B775334734D5546393572656D4A354A64664D736D6B4C4E77734C4E595055647378676F326B5A482F32777346666D6B7A35477363746A474B61775544486470375242573332505A7361416E394734634B336F7851357439427A466E5A6A57614B4F6F634B723543713148303565614C784864464561466968576F744166622F42564637516166366B4F466D6F466B50316E34704767644C5774516F54794F55724B75624B716D49726A36426F58506969376B624C7A4C5177536561304768356A624D4F6176565637515072752B4451726C6B79397554316778546343344368664C706D627774616357724756727A596B4C4641536A7A2F734970386D32414870504368484A646C5875325679362F30643153544E6952502B463935686C302B5555594843575963434A663372536D2B56766B307748674A5443685972724B506466626B69395251634D454572624646347638492F6161577832616A7944686A654C716D4F644B464E654148716151554B343430674C6A58496D387234573935304E43756654505053725A314377695941395453436A76625476384A6B737849326C324A54384343525656616634767A2B563155326A5042784F4B56576E4F752B462F6B6338497046656B5055696F654D77352F4B704F72477177427A5969484D704361507838456646654B4366634F443844766F6A695959727342534E4365626B37383958706C4266354D6B6A686841675645373748627759566C536B7935534E43786155392F76434459727041506B68454B4C352F4F2F784B71616D71667047364168474B4A5531745171513252495469376C666D627A2F4F6B5265446F41306F52436850565076386B71625A6E4D6C766F636A2B4A434955562F714D5A2B73754970384C684659732F7944737444366E58346C58666D773570435075514B5771662F6C2F544D4C2F2F326B7534634958782F48744D567A484B425376464355555568672F4646495950785253474438555568672F4646495950785253474438555568672F4646495950785253474438555568672F4646495950785253474438555568672F4646495950785253474438555568672F4646495950785253474438555568672F4646495950785253474438555568672F4646495950785253474438555568672F4646495950785253474438555568672F4646495950785253474438555568672F4646495950785253474438555568672F4646495950785253474438555568672F4646495950785253474438555568672F4646495950785253474438555568672F46464959507852534744392F742F426670615A7866745A7379376341414141415355564F524B35435949493D',NULL,1.52),(5,9,'index.jpg','image/jpeg',X'2F396A2F34414151536B5A4A5267414241514541594142674141442F34514169525868705A674141545530414B674141414167414151455341414D414141414241414541414141414141442F3277424441414942415149424151494341674943416749434177554441774D444177594542414D464277594842776347427763494351734A4341674B434163484367304B4367734D4441774D42776B4F4477304D4467734D44417A2F327742444151494341674D44417759444177594D434163494441774D4441774D4441774D4441774D4441774D4441774D4441774D4441774D4441774D4441774D4441774D4441774D4441774D4441774D4441774D4441774D44417A2F7741415243414346414767444153494141684542417845422F38514148774141415155424151454241514541414141414141414141414543417751464267634943516F4C2F3851417452414141674544417749454177554642415141414146394151494441415152425249684D5545474531466842794A7846444B426B61454949304B78775256533066416B4D324A7967676B4B4668635947526F6C4A69636F4B536F304E5459334F446B3651305246526B644953557054564656575631685A576D4E6B5A575A6E61476C7163335231646E643465587144684957476834694A69704B546C4A57576C35695A6D714B6A704B576D7036697071724B7A744C57327437693575734C44784D584778386A4A79744C54314E585731396A5A32754869342B546C3575666F3665727838765030396662332B506E362F38514148774541417745424151454241514542415141414141414141414543417751464267634943516F4C2F385141745245414167454342415144424163464241514141514A3341414543417845454253457842684A425551646863524D694D6F454946454B526F62484243534D7A55764156596E4C524368596B4E4F456C3852635947526F6D4A7967704B6A55324E7A67354F6B4E4552555A4853456C4B55315256566C64595756706A5A47566D5A326870616E4E3064585A3365486C36676F4F456859614869496D4B6B704F556C5A61586D4A6D616F714F6B7061616E714B6D7173724F3074626133754C6D367773504578636248794D6E4B3074505531646258324E6E613475506B3565626E364F6E7138765030396662332B506E362F396F4144414D42414149524178454150774439415067742B7A4A344438572F437A5174563154776E704E2F7157703261584E33637A5246704C69562B575A6958376B5A366436366E2F686B4C345A6A2F6D534E432F3738662F5A56712F733672742B426668502F414C4273512F5375782F69722F47446A486A5050614F6534756C53786C56526A556D6B6C556B6C3854387A3953777545704F6C46387132585138346B2F5A442B47663841304A4F682F7744666E2F374B6D66384144495877302F36456A512F2B2F522F2B4B7230706878534B4D47766D76396565495038416F4E712F2B444A66356E52395470667972376B65616E396B503461442F6D534E4435342F31582F32564F6A2F41475250686E6E2F414A456E5174324D6A3931322F77432B71394963344833565A73456A4A7830476138622F4147717632332F422F774379484A704E7634696831612B756457387A374E4859786F386978706A4C4E756463416C6833357231736E7A37697A4E4D51734C676354576E5564374A564A583033366E5267636E6C6A4B3677754670633833736B6C6333705032525068706A2F6B5364442F414F2F4A2F7741615976374A48777858473777566F4B376A675A69366E2F76717642462F344C582F4141775847644238614E6B34414676442F77444836364434562F3841425754774838612F694870486862512F442F6A482B314E616E534749795730525246504A6473534E386F554D5363634145313964587950784870553357725372714D5664747A6579332B30653558385038336F556E5771594E714D56647579736B65762F4150444966777A52734E344A30465739504A352F3943704A50325266686D522F794A4F682F7744666A2F363965684B7A475267575674785041474F6E413436656E507655694C67394B2F505A386263515164767274582F775A4C2F4D2B616A68614C587772376B6562663841444976777A2F36456E51762B2F582F3136657637496E777A7A2F79492B682F392B7638413639656B62614F6C542F723178422F304731662F41415A4C2F4D66314F682F4B767550472F69442B7A6E3448384336626F2B726150345A303753395174504532684E486332796C4A56336174614B514D4E7947444653446E676D69757A2B4E3634384936622F324D3267592F38484E6C5258397A6652707A7A4834336871745578646163354B724A4A796B3237637365725A386A6E6D486847756C466442503265446E344665452F2B7764462F4B757937317876374F2F2F4143517277702F32446F76355632586576345834342F354B44472F39665A2F2B6C4D2B77776E3847506F676F4E4763436B4C41446E6A6A4E664C70485149596D6B58365A4E666A622F77414648506A722F77414C302F6130385354777A4E4A7033682B5274467446422B58397737435268322B61526D353946577631452F62482B4E306637506E374F58696A784972717439613268697351543936346B2B534C6A754E7842783641312B4A4F576E3878354A486B6C38306C33592F4E497A5A5A6D50766E6458395966527634613936766E64574F3375512B646E4C394639352B372B434F51716549725A7655576B66646A36765674656D6E33735A49797247323474307975336C695236652F7058336C2F774145595032642F742B736135385364516856307467326C6155324D70764A44547949523143674A4743446A6C783631384D61483464765046757432656C616643317866616C4D6C764247426B75376E616F2F456B4438612F6354396E66344E576677412B442B6865456242564D656A32776A6C6B5566362B556E644A4966393532592F6A58336E6A78785A2F5A655466554B4D72564B2B6E6D6F72346E3839463935396234796352665538746A674B54392B732F38417956622F414874704862625649794F4D45344831782F68556D4F616171342F2F414655346735466677724B567A2B57564732694367394B4D306A6664724D6F354434346638696870762F597A61422F36654C4B696A34346638696670762F597A61422F36654C4B6976372B2B69332F795339622F414B2F532F7744535948782B664F3164583744663264786A34466546502B7764462F4B75794179654F667058472F73382F77444A432F43662F594E692F6C5859544D7152737A4D7171767A466D4F416F484A4A3967426B2B77722B4D654D614C71385259794D6433566E2F36557A366243744B68467673676B6B41412F774272475066307839656679706A6E6274334C6C4D34592B33662F41505658347766384647662B446762786A34693865367834582B434F704C345A384C36624F39712F6958794566554E5A6B5443795062372F414A596F647858617835626767347A58787A502B33542B306C59366A2F61632F78572B4C6E326934626372796172644C625335422F7743575A4A68665073446B344863562F5766435830484F4A387A7975475935726A4B4F446C4F4B6C4746522B38302B3654566E626F6558557A79436E795534755854512F56582F41494C5966484E6E312F773338507261592F75464F73366A477241376D2B374372643844357A2B4B396331384662574F576A4F34754F6A66337432574A2B6F4A4661586972346D654A76693172626135347A316566577645563544436C37647A4B71656538616557434651424D414C313235797835363579376A62737A4934565143355A75675651533265784831774B2F572B442B4534634F355A54796944556E44527462536C31613872374839376344354C484B4D6B6F3461576B726330765671372B342B77502B434F2F375054664572343258666A432B686162546642716262634D76456C374B41462F3734516C694F325650657631496A6D553974765A52307776596655642F54697635694A66323450695A3446385633386E6750346A654D504447682F6179594C57773153613373335A666C3879534A584B4868426A676E35756D43636659763746582F42786A34322B46567A62364E38594C43623467364A49414531657A696A7439597477434D475256325258436A42363747795238335556347669393945336A5869432B665A56577034685269725559763334707139757A647A2B4F2F45446A796C6D3266317172623549766C6A327448543858716674715A4655664D324F4D386E382F36666E51415371735075734352376A31723855763278662B446B507874342F754C72532F67336F397634483066356B4774366E4446656172635A344471693568742B754D4E356A644D486D766A365039766E396F6E5764546B317550347266466D376C684A6B6B6D693165375333516A72756A5574456F3967716A2F4147612B4834582B676A78646A7347735A6E4F4B6F344A795634776D377966725A3258346E784E5469436D7063744B4C6C3648394E336D42652B4F4D2F68536B62682B527839656C6669722F414D4538662B4467727870344D38616158345A2B4F56395A2B4A66436570536945654A467434376539306473674B38336C37556C68475476796F59646541474666744E484F7372626C5A574444686C47466267456B44734F563439362F6E6E78653845632F7744447A485177656378546A55546C437046336A4E4A3948335856644E4F3536574478304D52486D67636E3863502B525130332F735A74412F384154785A55556648412F7744464836622F414E6A4E6F482F703473714B2F7062364C763841795339622F72394C2F77424A69664E385161313136667178763750502F4A437643663841324459763556306E69617A6B762F44742F44436A504A4E62536F6967344C735549412F453848324A726D2F32656638416B685868502F73477866797273484B71447547355478774F667739362F6A766965764F6A785069717450346F31704E65716B7A366A44712B4869764A48786A2F414D4533502B434F5077362F597938466158713369585274463859664536346A53652F3158554C644C714B786E786B77325959455271684A587A414E7A59344F436137542F67716C38566258345666736C366C5977726272714869783130693342554578724A2F725A4278393549773243414343523638312F7742756E2F67727A384A66324374536B30585772712F3853654D4E697332686145424E63577534626B2B3053466C53484941344A5A79434345494259666E762B314E2F775542752F774276372B776465587731636545644830364F564C4B776D765675354A537A59615232434C676E594F6735423638632F77424E634E634D2B496646476259666A4869525656685A53356C4B556E474C3678554933587536644673665A2B462B51304D797A366C68344A6374503335656B6638414E32523545386F6A6B552F4D4E782B384275336E6A7233796335365639412F3845322F32626266396F6E396F75782F744854343951384E2B47596637513147473568456B64365151496F6D423432732F5050585933584272352F4B2F7532586275566C323433425366664A364563563967667365667475654266324C6667464A6177366271586954787234696E613831424949664B746F4D4B46696A61522B6F434B4D375178797A6364535032446A6D746D55636F71557370673556716E75787470612B376236575776334839596364567365736F6E687374673556616E75704C6F6E75322B6C6C732B352B6B522B46336855654834394E6B384D2B48527071772B514C55366441397545494A4B4643684730456B6264704854727A5835382F384645662B435158374D6D705353613562654A37583448613149724F317070516A6B744C6C6943535530382F36736B382F755341526B4653546B65592F476E2F41494B6F6646723473726351324F724C34543069514652466F37455366517A766C6C774F75304B4D6A377665766E572F76376A5764526B757236366D764C7954506D7954544E4A492B546E4C4D784F342B2B425877506866776278786B4F4D575A764E616C4753316359796C4B392B6B75613854384A796E77497159717A7A6D6F6F4A363873645A5035733758345365412F674C2B797938556D6A2B45376E347A654B34577A447248692B305732306D30667172572B6E494354794150336E7A636E47426D76714839672F34672F4558397337342B57713631716957766758776D6F314F35306E535942702B6C6D5450376D4177786E61794D2F507A3547497A787858784D455A6D5563375777724859535642376A474F52317A37644B39492F5A522F344C6265482F77426833527455384E512F44535478464A63337A7A366A71734F7352777A586A6A43346A6A4D4A34555A786C77506D5935723969346F34643476347077654A71354D716D4C786E4C6138702F436E70646252586B6B6A32654F736A3461344C794F5377744A6532712B367053316C5A377458366E335A2F7755572F344932664433397337774E72477165474E4C306E7766384145714F4E33746458302B434F4344565A5170506C3373614B6F6C442F41486435473565434D6A4E665958686D7962542F41413370384D6974484C44617852504675336558745842585066616541652B612B616632462F384167727A384A663238395358526446753951384E2B4D67686466442B743745754A6C5841627948566D5366476551704A786B3477446A366B5148483139735A2F7A785838492B4A324E343277564B6A77707867716B5868584A77565337615531464E4A76655075707273667A6E6731516B2F61304C61396A6A2F6A63502B4B5130332F735A74412F3950466E52542F6A682F7741696670762F41474D3267663841703473714B2F7054364C762F41435339622F72394C2F306D4A38376E2F77444858702B72472F733866386B4C384A2F3967324C2B56644A346B76323076516236346A48373243336C6C54707755526D7A7A783236486739447754584E2F73382F386B4B384A2F3841594E692F6C585733534C4C4530556B61794A4C6C536848337661763437346D724B6A78526971306C645272536475397050512B6F77385738504665535077592F5A312F344A472B4D76326D66686E346A2B4F2F78733853616A3456384C3330467872666D6D487A4E643139322B667A795A6343464A54733245386B44614274414A356A5262533330335359626548393344616F4934314977456A3748492B556B74754A35354F4D644B2F55582F6772393437757266345465482F6878346673356D76504555694E6452576B4956594C4B484941794F496B387778674D654D4275754458782F77444158396B48777638414566585931386266474C345A2B4470747968394E7476454E6E64366B6A6B386F434A4E735A3641453943636454582B676D532B4B6D6538545A4E2F6132634A7877796256476C5467326F516A6F724B4B31656D72386A3931384A4B6D54634E5A58567A584D71716A4F73394665386D6C32572B35344A473337785632373263344149504A506269766366674C2F7741453566696C2B30424648635776683654772F7046794D6D2B316D48374D68586737306A4B4633363547414165666D396630702F5A382F59562B462F7746733765393058513762564C356C4576397236673476727159635959534D4D414873464733337A69765A62363674394B734A6271386B6A7437573354644C4A4D7978527767643250436A2B5666672F46486A3758397338466B6546626E746561664E386F62334F2F694478776E4E4F475530306F2F7A532F5266356E7758652F38454A4E4138522B4344623366784F3858575773716F5133756D57317549342F5A566C526D3235374277612B432F69522B7964666673572F467A785034493144784C463477767265366A7548314A596E6964784A47724248566D59427875476345446E70366674442F414D4E6F2F427554575730762F686158674533716E5A4A4176694B304F302B6D424A31394237562B505037535878456634712F48767868346F655235496453315357516431614657494144446A3769446E5041357A58326E68447864787869355638466E2F4E47684B4B6B6C4F6E797474744E63736D6B39456E6F592B452B4F7832645A37557A504D6173716E736F6439453562575732796B6176374C66374B757066746D2F45722F6844745031442B786F4A7257536538314C79664F4E6C434F4E796A49473473565541397A6E7458315634662F77434461623448616270486B33336954346C366C71445A4A7568665774754E324D6C6D694544713254302B3974394F704873582F424A54396E745067782B7A7A4A34753153466266565047616A554A4A4847333750614A2F712F6D5041445A4D682F33785873302F7743323138473464582F73787669703850563141452F36504A346773306B424278336B354F654F4B2B57346F3859755036576156384877544F7447685464704F6C4675386C7664705052505A6552384C34733539517A6E4F5A556D303455666458612F326E392B6E795079422F62752F774343497678452F594C746C2B4A33776C3853366E34713050777249756F2B59494244726D694F6D58573449543933504448742B5A67454B7165563235492F6233777066747133687978756D4D686134746F6E596C4D6269554445386344356D592B2B636471666233396A3469304E486A6D744E517362354E7179426B6D68755559594B35355667774F4437665131597455574B336A6A6A69614E59787441622B45416B446E31343548622B66356434722B4D326663625A66684D48784E54547857466330366A6A797A6C4756724B5374764672667A507A504234476E516B3353325A797678784F50422B6D2F3841597A61422F77436E69796F7076787A4F50422B6D66396A4E6F482F703473364B2F66766F752F38414A4C31762B7630762F53596E7A2F45476C64656E36735032656638416B686668502F73485266797271745375467374506D6E6263797752744B64764A77716B38647338635A344235375679763750427A38432F43662F594F692F6C58556131594E71576B334D432F4B303054786734334264774B354937675A7A6A766A4865763437346D6C5358464F4A39743850747058394F5A335071614E2F7136743250353466326D50326C666A6638413846682F32674E537476444F682B4A7463304F31655161523456306C474E747074723568574F57375A52355A6477506D6C6E5A56426661755154555069442F67686E2B3039704F6766626E2B466E3268664C33506132327136644E6357344859526958443539455945397339442B3766374A583749766776396937344F5748673377587077743462645162322F6441317A713177427461346D66717A4E747A67486141514F4431395278735870756B7A6B4D41435639547A782B6661763755786E30334A35424F6E6C48424F56306165426F70526A7A72337070645832767633313150442F734E3166336C6162637677586F667A622F73386674312F487A2F676D6E343562514E50766464304B50545A44397138472B4A3753615778556477494A416B734950384165684D6552304C446D717637535837622F774163662B436C666A71313076567272564E616A754A4D615A3452384F57736773347A79506C67566D6B6C4F43666E5A6D4942497A79612F6F4A2F61532F59392B477637586668364C532F69463451306E784A62323634745A37684374315A66396362684E737366666748484E5676326250324C6668642B795270733976385050424F682B4635726746626936686A4D6C3564456A677663534270542F3333676E6E47612B6C6F2F54453442564C2F4146676644735037577461365565532B393732767635584D5037477843664B716E756475702B4138332F424A37343966446A773962654B764658777576764433685054356F5A727939766453735538695063764A6738387A66654B6A6155427A36644431486A2F787444384F66445678713830506D52327172354D44536266744C416A59726244304F526B41676863386A72583677663841426144346B2F3841434B2F7331615834646A5A6C6D3853617A44433053747462794973796E4F65534E36526A333356354E2F7754322F344A702B425032692F3265627A58766966346268312B3138525857644B52354A594A4C614749794A353062787370425A792B47354255673450474F6C2F534B2F74334B4B4846504746434D4B436D3471464A61796A64642B752F79522F517641386C7778775A693866516C2B2B727963594E2B6C6B2F6C377A2B522B5A4878302F62622B50482F42512F78545A2B45354C335737797949564C48775A3453745A594E5069554C74554733685A6E6B49444B752B526E507A48444B4D67394E705038417751782F616531587779623650345769474F5A504D466A6461767038647A4A6A484251793542482B30636A6F526D7633692F5A712F5A462B4776374933683654532F687A34503062777A43787A4E4E62775975726F2B73737A62704850755735394B394B62354475507A4E6A4F56583943547A587A6D632F546A703554562B7063423552536F59614C2B326B355338326C746635732F417637446C566271597162636E712F566E383650374E6E37554878752F34493366487531736645476A2B4A50442B697979413676345131674D746E66577535664D6532504B62776F4A4569456A504856685839452B6C3379367059773355616C59356F315A5663376E55455A77534F4F415150716570727A6639726A396B6A77582B327238474C2F77543430302B4F3673373249693075764C44584F6C545959527A777467596453784A79634546683372305051744B2F736252624F7A78752B783238634F376239344B754233363579536535623272384738642F467A496645444334504E7147436A6863776A7A7872636E777A576E4C4A65642B612F55377375776C54447477627575687A66787A353848365A2F324D3267662B6E697A6F70767878475043476D66396A4E6F482F703473714B2F582F6F74322F77425636312F2B6630762F41456D42345845582B387230486673384448774C384A2F3967364C2B56646B78777463622B7A7A2F414D6B4C384A2F3967364C2B56646C583857636266386C426A6638417237502F414E4B5A39626866344D66524456624C55366A4646664B6E5149573965667253532F4E47793863394B646A4E4E6E646B6A334C74444C67355051593572536C486D6D6B4B782B64502F42547A53627A3970663841625238412F437653706D61654779437A465633655435375A6C636A726C496F64335054637672583641654366422B6E2B417643576E364C704D45634F6C3658416C726278702F797A5646414150766744507165612B5A66324E6668776669642B31563856506A4A666F4A595A4E546D3850614548482B7269747949705A46507555786B48727548626A367551346C2B5559546E412B7550384B2F572F45624E765A34544363503058376D486775622F72354A586C383174363350722B4B4D787652773255556E376C43437632633565394C35726237787944422F692F476E5555562B516E79495564364B4363436934574F4E2B4F5A2F346F3754502B786E30442F774250466E52523864502B525030762F735A39412F384154785A30562F66663058662B53587266396670662B6B7750692B49763934586F483750427A3843764366384132446F763556325663622B7A7A386E774C384A7165472F733649342F437578332F5438362F69336A622F6B6F4D622F31396E2F36557A3676436677592B69466F704E2F302F4D55622F702B5972355536626F57733378684E6451654639516178547A4C3562647A62726A4F5A4E70322F2B50597252332F543878534D3348424150726E70573248724F6C566A5553765A70676D726E4C2F427A345A576677672B476D6A654862484C513654617041306D33427548354C796E2F615A737354366D756E6A47326B55342F752F6E546951324F6E48754B32786D4D715971724B76566435536262666D396631484F704B636E4B6275323776314855556D2F36666D4B4E2F302F4D5678697568614453622F702B596F335A39507A6F41343734356A50672F54502B786D30442F30385756464F2B4E796D587768706D30452F38564E6F482F703473714B2F767A364C762F4A4C3176384172394C2F414E4A6966486351526674313666716646326B66384657727A344E57546546592F42467266782B4757476E706348565A492F50564764517858793232384B4F41617366385071623466383037732F3841776453662F47714B4B2F514D32384B7545712B4D72567132426735536C4A7436367476666379703436756F4A4B5852422F7741507172372F414B4A335A2F384167366B2F2B4E556638507172372F6F6E646E2F344F70502F4149315252586B2F38516C34512F364149666A2F414A6C663268695035672F34665658332F524F37502F77645366384178716A2F4149665658332F524F37502F414D48556E2F787169696A2F4149684C77682F3041512F482F4D503751784838776638414436712B2F7743696432662F41494F70502F6A56482F4436712B2F364A335A2F2B4471542F77434E5555556638516C34512F364149666A2F414A682F6147492F6D442F6839566666394537732F7744776453662F4142716A2F68395666663841524F37502F774148556E2F787169696A2F69457643482F514244386638772F744445667A422F772B7176762B696432662F67366B2F77446A5649662B43315638422F7954757A2F3848542F2F41427169696C2F784358672F2F6F41682B5038416D544C4D4D5262346978345A2F7743436F31352B304238535042506774764264727049313778586F7166624271545842673876557261582F41465A6A4162506C37546B6A68714B4B4B2F6166446E686E4B3870774654443562526A54673574744B2B396F712B72665A486C3436744F632B61627537482F2F32513D3D',NULL,6.94);

#
# Structure for table "tb_gambaratas"
#

DROP TABLE IF EXISTS `tb_gambaratas`;
CREATE TABLE `tb_gambaratas` (
  `id` int(11) NOT NULL AUTO_INCREMENT,
  `id_penyulang` int(11) NOT NULL,
  `nama_gambar` varchar(100) NOT NULL,
  `tipe_gambar` varchar(50) NOT NULL,
  `gambar` blob NOT NULL,
  `keterangan_gambar` varchar(200) DEFAULT NULL,
  `ukuran_gambar` float NOT NULL,
  PRIMARY KEY (`id`),
  UNIQUE KEY `id` (`id`)
) ENGINE=InnoDB DEFAULT CHARSET=utf8mb4;

#
# Data for table "tb_gambaratas"
#


#
# Structure for table "tb_gangguangardu"
#

DROP TABLE IF EXISTS `tb_gangguangardu`;
CREATE TABLE `tb_gangguangardu` (
  `id` int(11) NOT NULL AUTO_INCREMENT,
  `no_gardu` varchar(50) NOT NULL,
  `kapasitas` varchar(50) NOT NULL,
  `tanggal` date NOT NULL,
  `komponen` varchar(100) NOT NULL,
  `jenis` varchar(100) NOT NULL,
  `keterangan` varchar(100) NOT NULL,
  `penyebab_gangguan` varchar(200) NOT NULL,
  `uraian` varchar(100) NOT NULL,
  `material_terpakai` varchar(200) NOT NULL,
  `vol` varchar(100) NOT NULL,
  `frekuensi` int(11) NOT NULL,
  PRIMARY KEY (`id`)
) ENGINE=InnoDB AUTO_INCREMENT=3 DEFAULT CHARSET=utf8mb4;

#
# Data for table "tb_gangguangardu"
#

INSERT INTO `tb_gangguangardu` VALUES (1,'KT 3A','400','2020-10-17','Kabel','opstik','Short Circuit','kabel terbakar','Penggantian dengan kabel LVTC','Kabel LVTC 70 mm','12 m',1),(2,'KT-7','400','2020-12-06','FCO','-','putus','-','Ganti trafo','-','-',2);

#
# Structure for table "tb_gsp"
#

DROP TABLE IF EXISTS `tb_gsp`;
CREATE TABLE `tb_gsp` (
  `id` int(11) NOT NULL AUTO_INCREMENT,
  `tanggal` date NOT NULL,
  `regu_perampalan` varchar(50) NOT NULL,
  `no_tiang/gardu` varchar(50) NOT NULL,
  `penyulang` varchar(50) NOT NULL,
  `jenis_pohon` varchar(100) NOT NULL,
  `pohon` int(11) NOT NULL,
  `gardu` int(11) NOT NULL,
  `layangan` int(11) NOT NULL,
  `akar` int(11) NOT NULL,
  `animal_guard` int(11) NOT NULL,
  `rantas` int(11) NOT NULL,
  `lokasi` varchar(100) NOT NULL,
  `status` varchar(100) NOT NULL,
  `keterangan` varchar(100) NOT NULL,
  PRIMARY KEY (`id`)
) ENGINE=InnoDB AUTO_INCREMENT=3 DEFAULT CHARSET=utf8mb4;

#
# Data for table "tb_gsp"
#

INSERT INTO `tb_gsp` VALUES (1,'2020-08-01','Regu C','-','Detian','Pohon Ketapang',1,1,2,3,1,2,'Dipanjaitan','Aman Bawah Jaringan','Pemangkasan Pohon'),(2,'2020-08-05','Regu C','-','Detian','Pohon Ketapang',1,0,0,0,0,0,'Dipanjaitan','Aman Bawah Jaringan','Pemangkasan pohon');

#
# Structure for table "tb_jurusan"
#

DROP TABLE IF EXISTS `tb_jurusan`;
CREATE TABLE `tb_jurusan` (
  `id` int(11) NOT NULL AUTO_INCREMENT,
  `jurusan` varchar(30) NOT NULL,
  PRIMARY KEY (`id`)
) ENGINE=InnoDB AUTO_INCREMENT=6 DEFAULT CHARSET=utf8mb4;

#
# Data for table "tb_jurusan"
#

INSERT INTO `tb_jurusan` VALUES (1,'JURUSAN/ROUTE A'),(2,'JURUSAN/ROUTE B'),(3,'JURUSAN/ROUTE C'),(4,'JURUSAN/ROUTE D'),(5,'-');

#
# Structure for table "tb_kontruksijtm"
#

DROP TABLE IF EXISTS `tb_kontruksijtm`;
CREATE TABLE `tb_kontruksijtm` (
  `id` int(11) NOT NULL AUTO_INCREMENT,
  `id_penyulang` int(11) NOT NULL,
  `nomor` varchar(50) NOT NULL,
  `jenis` varchar(50) NOT NULL,
  `keadaan` varchar(100) NOT NULL,
  `tinggi` varchar(100) NOT NULL,
  `kekuatan` varchar(100) NOT NULL,
  `penghalangpanjat` varchar(100) NOT NULL,
  `kepemilikan` varchar(100) NOT NULL,
  `panjanghantaran` varchar(100) NOT NULL,
  `jenispenghantar` varchar(100) NOT NULL,
  `jeniskawat` varchar(100) NOT NULL,
  `jenisikatanhantaran` varchar(100) NOT NULL,
  `jenistegangan` varchar(100) NOT NULL,
  `tiang` varchar(10) NOT NULL,
  `row` varchar(10) NOT NULL,
  `masalah` varchar(100) NOT NULL,
  `saran` varchar(100) NOT NULL,
  `utuh` varchar(10) NOT NULL,
  `atas` varchar(10) NOT NULL,
  `bawah` varchar(10) NOT NULL,
  `konstruksi` varchar(100) NOT NULL,
  `alamat` varchar(100) NOT NULL,
  PRIMARY KEY (`id`),
  KEY `id_penyulang` (`id_penyulang`)
) ENGINE=InnoDB AUTO_INCREMENT=3 DEFAULT CHARSET=utf8mb4;

#
# Data for table "tb_kontruksijtm"
#

INSERT INTO `tb_kontruksijtm` VALUES (1,1,'7L81','Besi Bulat','Baik','11','156','Tidak Ada','PLN','50','SUTM','AAAC70','Baik','tm','','','kurang baik','kurang baik','','','','TM.1','jl.sei jang'),(2,1,'12','beton','baik','13','300','penghalang panjat isi','pln','50','sktm','xple 240','baik','tm','','','sfmksf','wnskdn','','','','fkslf','jwjrwl');

#
# Structure for table "tb_monitoring"
#

DROP TABLE IF EXISTS `tb_monitoring`;
CREATE TABLE `tb_monitoring` (
  `id` int(11) NOT NULL AUTO_INCREMENT,
  `no_wo` varchar(150) NOT NULL,
  `tgl_terbit` date NOT NULL,
  `uraian_pekerjaan` varchar(200) NOT NULL,
  `lokasi` varchar(200) NOT NULL,
  `vol_target` int(11) NOT NULL,
  `satuan_target` varchar(100) NOT NULL,
  `vol_realisasi` int(11) NOT NULL,
  `satuan_realisasi` varchar(100) NOT NULL,
  `tgl_realisasi` date NOT NULL,
  `keterangan` varchar(200) NOT NULL,
  `status` varchar(200) NOT NULL,
  `pencapaian` float NOT NULL,
  PRIMARY KEY (`id`)
) ENGINE=InnoDB AUTO_INCREMENT=3 DEFAULT CHARSET=utf8mb4;

#
# Data for table "tb_monitoring"
#

INSERT INTO `tb_monitoring` VALUES (1,'23/WO-PREVENTIF/PLNATPI-RKT/IX/2019\r\n','2020-09-20','PENGAMBILAN SUSPENSION PIN KE ULP BINTAN CENTER\r\n','JL. PANTAI IMPIAN\r\n',18,'BH',24,'BH','2020-09-20','-','SELESAI\r\n',133),(2,'23/WO-PREVENTIF/PLNATPI-RKT/IX/2019','2019-09-20','PENGAMBILAN SUSPENSION PIN KE ULP BINTAN CENTER','JL. PANTAI IMPIAN',18,'BH',24,'','2019-09-20','PELAKSANA : TIM INSPEKSI','Selesai',100);

#
# Structure for table "tb_pelaksana"
#

DROP TABLE IF EXISTS `tb_pelaksana`;
CREATE TABLE `tb_pelaksana` (
  `id` int(11) NOT NULL AUTO_INCREMENT,
  `no_gardu` varchar(20) NOT NULL,
  `tanggal` date NOT NULL,
  `petugas` varchar(20) NOT NULL,
  `penyulang` varchar(20) NOT NULL,
  `lokasi` text NOT NULL,
  `type` enum('BETON','KIOS','TIANG','C') NOT NULL,
  `kapasitas` varchar(20) NOT NULL,
  PRIMARY KEY (`id`)
) ENGINE=InnoDB AUTO_INCREMENT=14 DEFAULT CHARSET=latin1;

#
# Data for table "tb_pelaksana"
#

INSERT INTO `tb_pelaksana` VALUES (9,'KT-171','2020-06-02','Deva dan Sabari','Kamboja','Jl. Sultan Mahmud','TIANG','250'),(13,'KT-193','2019-04-08','DEVA DAN SABARI','KAMBOJA','JL.KP.BULANG LAUT','TIANG','100 KVA');

#
# Structure for table "tb_nhfuse"
#

DROP TABLE IF EXISTS `tb_nhfuse`;
CREATE TABLE `tb_nhfuse` (
  `id` int(11) NOT NULL AUTO_INCREMENT,
  `id_gardu` int(11) NOT NULL,
  `r` int(11) NOT NULL,
  `s` int(11) NOT NULL,
  `t` int(11) NOT NULL,
  `id_jurusan` int(11) NOT NULL,
  PRIMARY KEY (`id`),
  KEY `id_jurusan` (`id_jurusan`),
  KEY `id_gardu` (`id_gardu`),
  CONSTRAINT `tb_nhfuse_ibfk_1` FOREIGN KEY (`id_jurusan`) REFERENCES `tb_jurusan` (`id`) ON DELETE CASCADE ON UPDATE CASCADE,
  CONSTRAINT `tb_nhfuse_ibfk_2` FOREIGN KEY (`id_gardu`) REFERENCES `tb_pelaksana` (`id`) ON DELETE CASCADE ON UPDATE CASCADE
) ENGINE=InnoDB AUTO_INCREMENT=15 DEFAULT CHARSET=latin1;

#
# Data for table "tb_nhfuse"
#

INSERT INTO `tb_nhfuse` VALUES (11,9,200,200,160,1),(12,9,160,100,160,2),(13,9,250,200,200,3),(14,9,0,160,100,4);

#
# Structure for table "tb_keterangan"
#

DROP TABLE IF EXISTS `tb_keterangan`;
CREATE TABLE `tb_keterangan` (
  `id` int(11) NOT NULL AUTO_INCREMENT,
  `id_gardu` int(11) NOT NULL,
  `keterangan` text NOT NULL,
  PRIMARY KEY (`id`),
  KEY `id_gardu` (`id_gardu`),
  CONSTRAINT `tb_keterangan_ibfk_1` FOREIGN KEY (`id_gardu`) REFERENCES `tb_pelaksana` (`id`) ON DELETE CASCADE ON UPDATE CASCADE
) ENGINE=InnoDB AUTO_INCREMENT=4 DEFAULT CHARSET=latin1;

#
# Data for table "tb_keterangan"
#

INSERT INTO `tb_keterangan` VALUES (1,9,'LOREM IPSUP'),(2,9,'keterangan gardu kt-171 adalah text lorem');

#
# Structure for table "tb_jrs"
#

DROP TABLE IF EXISTS `tb_jrs`;
CREATE TABLE `tb_jrs` (
  `id` int(11) NOT NULL AUTO_INCREMENT,
  `id_gardu` int(11) NOT NULL,
  `r` int(11) DEFAULT NULL,
  `s` int(11) DEFAULT NULL,
  `t` int(11) DEFAULT NULL,
  `n` int(11) DEFAULT NULL,
  `tegphb` int(11) DEFAULT NULL,
  `waktu` enum('siang','malam') NOT NULL,
  `id_jurusan` int(11) DEFAULT NULL,
  PRIMARY KEY (`id`),
  KEY `tb_jrs_ibfk_1` (`id_jurusan`),
  KEY `id_gardu` (`id_gardu`),
  CONSTRAINT `tb_jrs_ibfk_1` FOREIGN KEY (`id_jurusan`) REFERENCES `tb_jurusan` (`id`) ON DELETE CASCADE ON UPDATE CASCADE,
  CONSTRAINT `tb_jrs_ibfk_2` FOREIGN KEY (`id_gardu`) REFERENCES `tb_pelaksana` (`id`) ON DELETE CASCADE ON UPDATE CASCADE
) ENGINE=InnoDB AUTO_INCREMENT=31 DEFAULT CHARSET=latin1;

#
# Data for table "tb_jrs"
#

INSERT INTO `tb_jrs` VALUES (21,9,35,37,31,11,398,'siang',1),(22,9,41,60,38,26,402,'malam',1),(23,9,0,8,1,8,399,'siang',2),(24,9,0,11,2,9,404,'malam',2),(25,9,103,94,127,35,400,'siang',3),(26,9,141,117,171,71,405,'malam',3),(27,9,0,0,0,0,229,'siang',4),(28,9,0,0,0,0,231,'malam',4),(29,9,0,0,0,0,230,'siang',5),(30,9,0,0,0,0,231,'malam',5);

#
# Structure for table "tb_jeniskabel"
#

DROP TABLE IF EXISTS `tb_jeniskabel`;
CREATE TABLE `tb_jeniskabel` (
  `id` int(11) NOT NULL,
  `id_gardu` int(11) DEFAULT NULL,
  `rute` varchar(20) NOT NULL,
  `jeniskabel` varchar(10) NOT NULL,
  `kha` int(11) NOT NULL,
  `jumlah` int(11) NOT NULL,
  PRIMARY KEY (`id`),
  KEY `id_gardu` (`id_gardu`),
  CONSTRAINT `tb_jeniskabel_ibfk_1` FOREIGN KEY (`id_gardu`) REFERENCES `tb_pelaksana` (`id`) ON DELETE CASCADE ON UPDATE CASCADE
) ENGINE=InnoDB DEFAULT CHARSET=latin1;

#
# Data for table "tb_jeniskabel"
#


#
# Structure for table "tb_induk"
#

DROP TABLE IF EXISTS `tb_induk`;
CREATE TABLE `tb_induk` (
  `id` int(11) NOT NULL AUTO_INCREMENT,
  `id_gardu` int(11) NOT NULL,
  `r` varchar(30) NOT NULL,
  `s` varchar(30) NOT NULL,
  `t` varchar(30) NOT NULL,
  `n` varchar(30) NOT NULL,
  `tegphb` varchar(30) NOT NULL,
  `waktu` enum('Siang','Malam') NOT NULL,
  PRIMARY KEY (`id`),
  KEY `id_gardu` (`id_gardu`),
  CONSTRAINT `tb_induk_ibfk_1` FOREIGN KEY (`id_gardu`) REFERENCES `tb_pelaksana` (`id`) ON DELETE CASCADE ON UPDATE CASCADE
) ENGINE=InnoDB AUTO_INCREMENT=14 DEFAULT CHARSET=utf8mb4;

#
# Data for table "tb_induk"
#

INSERT INTO `tb_induk` VALUES (12,9,'133','140','163','50','231','Siang'),(13,9,'189','187','215','100','233','Malam');

#
# Structure for table "tb_hasilpengukuran"
#

DROP TABLE IF EXISTS `tb_hasilpengukuran`;
CREATE TABLE `tb_hasilpengukuran` (
  `id` int(11) NOT NULL AUTO_INCREMENT,
  `id_gardu` int(11) NOT NULL,
  `nol_omega` varchar(30) DEFAULT NULL,
  `body_omega` varchar(30) DEFAULT NULL,
  `arrester_omega` varchar(30) DEFAULT NULL,
  `nol_ma` varchar(30) DEFAULT NULL,
  `body_ma` varchar(30) DEFAULT NULL,
  `arrester_ma` varchar(30) DEFAULT NULL,
  PRIMARY KEY (`id`),
  KEY `id_gardu` (`id_gardu`),
  CONSTRAINT `tb_hasilpengukuran_ibfk_1` FOREIGN KEY (`id_gardu`) REFERENCES `tb_pelaksana` (`id`) ON DELETE CASCADE ON UPDATE CASCADE
) ENGINE=InnoDB AUTO_INCREMENT=6 DEFAULT CHARSET=latin1;

#
# Data for table "tb_hasilpengukuran"
#

INSERT INTO `tb_hasilpengukuran` VALUES (5,9,'-','-','-','-','-','-');

#
# Structure for table "tb_beban"
#

DROP TABLE IF EXISTS `tb_beban`;
CREATE TABLE `tb_beban` (
  `id` int(11) NOT NULL AUTO_INCREMENT,
  `id_gardu` int(11) NOT NULL,
  `nilai` varchar(30) NOT NULL,
  `waktu` enum('Siang','Malam') NOT NULL,
  `hasil` varchar(30) NOT NULL,
  PRIMARY KEY (`id`),
  KEY `id_gardu` (`id_gardu`),
  CONSTRAINT `tb_beban_ibfk_1` FOREIGN KEY (`id_gardu`) REFERENCES `tb_pelaksana` (`id`) ON DELETE CASCADE ON UPDATE CASCADE
) ENGINE=InnoDB AUTO_INCREMENT=7 DEFAULT CHARSET=utf8mb4;

#
# Data for table "tb_beban"
#

INSERT INTO `tb_beban` VALUES (5,9,'40','Siang','TIDAK'),(6,9,'55','Malam','TIDAK');

#
# Structure for table "tb_pelaksanajtm"
#

DROP TABLE IF EXISTS `tb_pelaksanajtm`;
CREATE TABLE `tb_pelaksanajtm` (
  `id` int(11) NOT NULL AUTO_INCREMENT,
  `garduinduk` varchar(50) NOT NULL,
  `penyulang` varchar(50) NOT NULL,
  `petugas` varchar(50) NOT NULL,
  `tanggal` varchar(50) NOT NULL,
  `total` varchar(50) NOT NULL,
  PRIMARY KEY (`id`)
) ENGINE=InnoDB AUTO_INCREMENT=6 DEFAULT CHARSET=utf8mb4;

#
# Data for table "tb_pelaksanajtm"
#

INSERT INTO `tb_pelaksanajtm` VALUES (1,'AIR RAJA','VICTORIA','BENNY & HAZMIR','02 AGUSTUS 2020','2.45 Kms'),(3,'victoria','kamboja','bibi','2020-10-20','123'),(4,'dsdskd','ddkdm','ksks','2020-09-27','134'),(5,'Air Raja','Angel','BENNY S & HAZMI R','2020-08-20','0.80 Kms');

#
# Structure for table "tb_pemerhatikan"
#

DROP TABLE IF EXISTS `tb_pemerhatikan`;
CREATE TABLE `tb_pemerhatikan` (
  `id` int(11) NOT NULL AUTO_INCREMENT,
  `id_gardu` int(11) NOT NULL,
  `nama_bidang` varchar(50) NOT NULL,
  `kondisi` varchar(50) NOT NULL,
  `saran` varchar(50) DEFAULT NULL,
  `tanggal` date DEFAULT NULL,
  `keterangan` varchar(50) DEFAULT NULL,
  PRIMARY KEY (`id`),
  KEY `id_gardu` (`id_gardu`),
  CONSTRAINT `tb_pemerhatikan_ibfk_1` FOREIGN KEY (`id_gardu`) REFERENCES `tb_pelaksana` (`id`) ON DELETE CASCADE ON UPDATE CASCADE
) ENGINE=InnoDB AUTO_INCREMENT=73 DEFAULT CHARSET=latin1;

#
# Data for table "tb_pemerhatikan"
#

INSERT INTO `tb_pemerhatikan` VALUES (46,9,'KONDISI UMUM','Kurang Baik','Rubah Kontruksi Co','0000-00-00','Menghadap Ke Jalan'),(47,9,'CAT PINTU BAGIAN LUAR','Boks Kotor, Instalasi Rapi','-','0000-00-00','-'),(48,9,'SPEKNYA SESUAI ATAU TIDAK','Tidak Sesuai','Disesuaikan','0000-00-00','-'),(49,9,'FUNGSINYA','Rusak','Diganti','0000-00-00','-'),(50,9,'BURUNG, SERANGGA DLL','Tidak Ada','-','0000-00-00','-'),(51,9,'TIDAK ADA, TIDAK TERBACA','Ada','-','0000-00-00','-'),(52,9,'KONDISI UMUM PERALATAN DALAM PANEL','Kotor','-','0000-00-00','-'),(53,9,'PACKING SEEL','Bersih','-','0000-00-00','-'),(54,9,'BAIK / BERKARAT','Mulus','-','0000-00-00','-'),(55,9,'TANDA KERUSAKAN','Tidak Ada','-','0000-00-00','-'),(56,9,'TRAFO TIDAK NORMAL','Normal','-','0000-00-00','-'),(57,9,'ADA / TIDAK ADA','Ada','-','0000-00-00','-'),(58,9,'SAMBUNGAN GROUNDING (TM/TR)','Ada','-','0000-00-00','-'),(59,9,'FISIK DAN FUNGSINYA','Kurang Baik','Ganti Polymer','0000-00-00','Keramik'),(60,9,'KONDISI FISIKNYA','Baik','-','0000-00-00','-'),(61,9,'KONDISI FISIKNYA','Baik','-','0000-00-00','-'),(62,9,'JENIS KONEKTORNYA','Paraller Group','-','0000-00-00','-'),(63,9,'FISIK DAN FUNGSINYA','Baik','-','0000-00-00','-'),(64,9,'ISOLASINYA','Baik','-','0000-00-00','-'),(65,9,'FISIK DAN FUNGSINYA','Baik','-','0000-00-00','-'),(66,9,'NH FUSE TERPASANG','160,200,100,250 AMP','-','0000-00-00','-'),(67,9,'KONDISI FISIKNYA','Baik','-','0000-00-00','-'),(68,9,'JENIS KONEKTORNYA','Joint Bimetal','-','0000-00-00','-'),(69,9,'KONDISI FISIKNYA','Baik','-','0000-00-00','-'),(70,9,'KONDISI FISIKNYA','Baik','-','0000-00-00','-'),(71,9,'KONDISI FISIKNYA','Kurang Baik','Ganti Polymer','0000-00-00','Keramik'),(72,9,'SAMBUNGAN / HUBUNGAN KE TANAH','Ada','-','0000-00-00','-');

#
# Structure for table "tb_pemeriksa"
#

DROP TABLE IF EXISTS `tb_pemeriksa`;
CREATE TABLE `tb_pemeriksa` (
  `id` int(11) NOT NULL AUTO_INCREMENT,
  `id_gardu` int(11) NOT NULL,
  `bidangyangdiperiksa` varchar(30) NOT NULL,
  PRIMARY KEY (`id`),
  KEY `id_gardu` (`id_gardu`),
  CONSTRAINT `tb_pemeriksa_ibfk_1` FOREIGN KEY (`id_gardu`) REFERENCES `tb_pelaksana` (`id`) ON DELETE CASCADE ON UPDATE CASCADE
) ENGINE=InnoDB AUTO_INCREMENT=94 DEFAULT CHARSET=latin1;

#
# Data for table "tb_pemeriksa"
#

INSERT INTO `tb_pemeriksa` VALUES (51,9,'Kontruksi'),(52,9,'PHB'),(53,9,'AC FUSE'),(54,9,'KUNCI'),(55,9,'Gangguan Binatang'),(56,9,'Tanda Peringatan'),(57,9,'Kebersihan'),(58,9,'Kebocoran Minyak'),(59,9,'Kondisi Tangki'),(60,9,'Loncatan Bunga Api'),(61,9,'Bunyi Dengung'),(62,9,'Pertanahan'),(63,9,'FUSE TM'),(64,9,'Jumper TM'),(65,9,'Konektor TM'),(66,9,'Saklar TR'),(67,9,'Kabel TR'),(68,9,'Fuse TR'),(69,9,'Konektor TR'),(70,9,'Bushing TM'),(71,9,'Arester'),(72,13,'Kontruksi'),(73,13,'PHB'),(74,13,'AC FUSE'),(75,13,'KUNCI'),(76,13,'Gangguan Binatang'),(77,13,'Tanda Peringatan'),(78,13,'Kebersihan'),(79,13,'Kebocoran Minyak'),(80,13,'Kondisi Tangki'),(81,13,'Loncatan Bunga Api'),(82,13,'Bunyi Dengung'),(83,13,'Pertanahan'),(84,13,'FUSE TM'),(85,13,'Jumper TM'),(86,13,'Konektor TM'),(87,13,'Saklar TR'),(88,13,'Kabel TR'),(89,13,'Fuse TR'),(90,13,'Konektor TR'),(91,13,'Bushing TM'),(92,13,'Bushing TR'),(93,13,'Arester');

#
# Structure for table "tb_penyeimbang"
#

DROP TABLE IF EXISTS `tb_penyeimbang`;
CREATE TABLE `tb_penyeimbang` (
  `id` int(11) NOT NULL AUTO_INCREMENT,
  `id_gardu` int(11) NOT NULL,
  `beban_puncak` varchar(20) NOT NULL,
  `max` int(11) NOT NULL,
  `min` int(11) NOT NULL,
  `selisih` varchar(11) NOT NULL,
  `hasil` varchar(30) NOT NULL,
  PRIMARY KEY (`id`),
  KEY `id_gardu` (`id_gardu`),
  CONSTRAINT `tb_penyeimbang_ibfk_1` FOREIGN KEY (`id_gardu`) REFERENCES `tb_pelaksana` (`id`) ON DELETE CASCADE ON UPDATE CASCADE
) ENGINE=InnoDB AUTO_INCREMENT=6 DEFAULT CHARSET=latin1;

#
# Data for table "tb_penyeimbang"
#

INSERT INTO `tb_penyeimbang` VALUES (5,9,'MALAM',215,187,'13','SEIMBANG');

#
# Structure for table "tb_pp"
#

DROP TABLE IF EXISTS `tb_pp`;
CREATE TABLE `tb_pp` (
  `id` int(11) NOT NULL AUTO_INCREMENT,
  `tgl_pekerjaan` date NOT NULL,
  `no_tiang/gardu` varchar(100) NOT NULL,
  `penyulang` varchar(100) NOT NULL,
  `kontruksi` varchar(100) NOT NULL,
  `jumlah` varchar(100) NOT NULL,
  `lokasi` varchar(100) NOT NULL,
  `uraian_pekerjaan` varchar(100) NOT NULL,
  `sebelum` int(11) NOT NULL,
  `pekerjaan` int(11) NOT NULL,
  `sesudah` int(11) NOT NULL,
  `petugas_pelaksana` varchar(100) NOT NULL,
  `keterangan` varchar(200) NOT NULL,
  PRIMARY KEY (`id`)
) ENGINE=InnoDB AUTO_INCREMENT=3 DEFAULT CHARSET=utf8mb4;

#
# Data for table "tb_pp"
#

INSERT INTO `tb_pp` VALUES (1,'2020-08-05','KT-111','Victoria\r\n','-','3 buah','Jl. Arif Rahman Hakim\r\n','Penggantian Arrester\r\n',0,0,0,'Pemeliharaan Teknik\r\n','06/WO-HAR/PLNATPI-UKT/VIII/2020\r\n'),(2,'2020-08-05','KT- 095','Victoria','-','3 buah','Jl. Haji Ungar','Penggantian Cut Out',0,0,0,'Pemeliharaan Teknik','06/WO-HAR/PLNATPI-UKT/VIII/2020');

#
# Structure for table "tb_se"
#

DROP TABLE IF EXISTS `tb_se`;
CREATE TABLE `tb_se` (
  `id` int(11) NOT NULL AUTO_INCREMENT,
  `nama_gardu` varchar(100) NOT NULL,
  `lokasi_gardu` varchar(200) NOT NULL,
  `ulp` varchar(100) NOT NULL,
  `up3` varchar(100) NOT NULL,
  `waktu_pelaksana` date NOT NULL,
  `kva` int(11) NOT NULL,
  `tipe_seal` varchar(100) NOT NULL,
  `kelas` int(11) NOT NULL,
  `kategori` int(11) NOT NULL,
  `inspeksi_fisik` varchar(50) NOT NULL,
  `karakteristik_tier1` varchar(100) NOT NULL,
  `health_tier1` varchar(50) NOT NULL,
  `karakteristik_tier2` varchar(50) NOT NULL,
  `health_tier2` varchar(100) NOT NULL,
  `tier3` varchar(100) NOT NULL,
  `health_index` varchar(100) NOT NULL,
  `catatan_perbaikan` varchar(300) NOT NULL,
  PRIMARY KEY (`id`)
) ENGINE=InnoDB AUTO_INCREMENT=3 DEFAULT CHARSET=utf8mb4;

#
# Data for table "tb_se"
#

INSERT INTO `tb_se` VALUES (1,'KT-217','JL.BASUKI RAHMAT (PELNUS)\r\n','Tanjungpinang Kota\r\n','Tanjungpinang\r\n','2020-09-07',160,'Hermetik\r\n',2,4,'KURANG','Visual Inspection dan Load Reading and Profilling\r\n','KURANG','-','-','-','-','KUNCI RUSAK, CO KERAMIK, KABEL ALTRAK TIDAK MENGGUNAKAN SCHOUN, LV BOARD KEROPOS, BUSING TM TIDAK MENGGUNAKAN PLAT L, NH FUSE TIDAK SESUAI,OUT GOING RUTE A LANGSUNG KE AMR\r\n'),(2,'KT-145','JL.BUKIT BARISAN','Tanjungpinang Kota','Tanjungpinang','2020-09-05',250,'Hermetik',2,4,'KURANG','kdakdmakdm','eqraraf','dadadaff','fafaaaaf','kkfns','fsfs','NH FUSE TIDAK SESUAI, KUNCI RUSAK, KABEL ALTRAK TIDAK MENGGUNAKAN SCHOUN, LV BOARD KEROPOS, BUSING TM TIDAK MENGGUNAKAN PLAT L, GRONDING BODY TRAFO MASUK DALAM PIPA, GRONDING NETRAL PUTUS');

#
# Structure for table "tb_trafo"
#

DROP TABLE IF EXISTS `tb_trafo`;
CREATE TABLE `tb_trafo` (
  `id` int(11) NOT NULL AUTO_INCREMENT,
  `id_gardu` int(11) NOT NULL,
  `up3` varchar(50) NOT NULL,
  `ulp` varchar(50) NOT NULL,
  `merk` varchar(30) NOT NULL,
  `tahunpembuatan` year(4) NOT NULL,
  `beratminyak` varchar(30) NOT NULL,
  `berattotal` varchar(30) NOT NULL,
  PRIMARY KEY (`id`),
  KEY `id_gardu` (`id_gardu`),
  CONSTRAINT `tb_trafo_ibfk_1` FOREIGN KEY (`id_gardu`) REFERENCES `tb_pelaksana` (`id`) ON DELETE CASCADE ON UPDATE CASCADE
) ENGINE=InnoDB AUTO_INCREMENT=11 DEFAULT CHARSET=utf8mb4;

#
# Data for table "tb_trafo"
#

INSERT INTO `tb_trafo` VALUES (7,9,'TANJUNGPINANG','TANJUNGPINANG KOTA','UNINDO',2003,'250','1085'),(10,13,'Tanjungpinang','Tanjungpinang Kota','UNINDO',1993,'140 KG','605 KG');

#
# Structure for table "tb_wo"
#

DROP TABLE IF EXISTS `tb_wo`;
CREATE TABLE `tb_wo` (
  `id` int(11) NOT NULL AUTO_INCREMENT,
  `nomor` varchar(100) NOT NULL,
  `perihal` varchar(100) NOT NULL,
  `tugas` varchar(100) NOT NULL,
  `pekerjaan` varchar(100) NOT NULL,
  `lokasi` varchar(100) NOT NULL,
  `target` varchar(100) NOT NULL,
  `realisasi` varchar(100) NOT NULL,
  PRIMARY KEY (`id`)
) ENGINE=InnoDB AUTO_INCREMENT=2 DEFAULT CHARSET=latin1;

#
# Data for table "tb_wo"
#

INSERT INTO `tb_wo` VALUES (1,'/WO-PREVENTIF/PLANTPI-RKT/ / 2019','WORK ORDER','PT. HALEYORA POWER AREA TANJUNG PINANG\t\t\t\t\t\t\t\t\r\n\t\t\t\t\t\t\t\t\r\n\t\t\t\t\t\t\t\t\r\n\t\t\t\t\t\t\t\t\r\n','TES','JL.PEMUDA','II','II');

#
# Structure for table "user"
#

DROP TABLE IF EXISTS `user`;
CREATE TABLE `user` (
  `id` int(11) NOT NULL AUTO_INCREMENT,
  `name` varchar(50) NOT NULL,
  `email` varchar(50) NOT NULL,
  `image` varchar(128) NOT NULL,
  `password` varchar(256) NOT NULL,
  `role_id` int(11) NOT NULL,
  `is_active` int(1) NOT NULL,
  `date_created` int(11) NOT NULL,
  PRIMARY KEY (`id`)
) ENGINE=InnoDB AUTO_INCREMENT=9 DEFAULT CHARSET=latin1;

#
# Data for table "user"
#

INSERT INTO `user` VALUES (4,'Zayus Rifan','zayusrifan05@gmail.com','default.jpg','$2y$10$ykqR6CjijhnxMiOKbDh4n./5oJven3Kwzn.CPIO4fyfWI/In3EGaO',2,1,1600498405),(6,'Rifan','rifanmidai99@gmail.com','avatar2.png','$2y$10$wgv6GwA16NHCELMxd4Egn.UFdCRN.zMyrJBPY/WiE2OEoCLmdm0LS',1,1,1600507968),(7,'Risna','risna.rj27@gmail.com','default.jpg','$2y$10$93Gqel47VXouyFsHlIK9weXOqNdr4ui7PnH10vsDbGmgrhf/12tiW',1,1,1602327258),(8,'septyasari','septyasari92@gmail.com','default.jpg','$2y$10$Kr8NCgC29MyhhpvdC9Q63.UcZrdg0edC4L1BTDa0l2dyotkxsWtKq',2,1,1613559185);

#
# Structure for table "user_access_menu"
#

DROP TABLE IF EXISTS `user_access_menu`;
CREATE TABLE `user_access_menu` (
  `id` int(11) NOT NULL AUTO_INCREMENT,
  `role_id` int(11) NOT NULL,
  `menu_id` int(11) NOT NULL,
  PRIMARY KEY (`id`)
) ENGINE=InnoDB AUTO_INCREMENT=7 DEFAULT CHARSET=latin1;

#
# Data for table "user_access_menu"
#

INSERT INTO `user_access_menu` VALUES (1,1,1),(2,1,2),(3,2,2),(4,1,3),(5,1,6),(6,2,6);

#
# Structure for table "user_menu"
#

DROP TABLE IF EXISTS `user_menu`;
CREATE TABLE `user_menu` (
  `id` int(11) NOT NULL AUTO_INCREMENT,
  `menu` varchar(128) NOT NULL,
  PRIMARY KEY (`id`)
) ENGINE=InnoDB AUTO_INCREMENT=7 DEFAULT CHARSET=latin1;

#
# Data for table "user_menu"
#

INSERT INTO `user_menu` VALUES (1,'Menu Sistem'),(2,'Menu'),(3,'Menu Manajemen'),(6,'User');

#
# Structure for table "user_role"
#

DROP TABLE IF EXISTS `user_role`;
CREATE TABLE `user_role` (
  `id` int(11) NOT NULL AUTO_INCREMENT,
  `role` varchar(128) NOT NULL,
  PRIMARY KEY (`id`)
) ENGINE=InnoDB AUTO_INCREMENT=3 DEFAULT CHARSET=latin1;

#
# Data for table "user_role"
#

INSERT INTO `user_role` VALUES (1,'Administrator'),(2,'Member');

#
# Structure for table "user_sub_menu"
#

DROP TABLE IF EXISTS `user_sub_menu`;
CREATE TABLE `user_sub_menu` (
  `id` int(11) NOT NULL AUTO_INCREMENT,
  `menu_id` int(11) NOT NULL,
  `title` varchar(128) NOT NULL,
  `url` varchar(128) NOT NULL,
  `icon` varchar(128) NOT NULL,
  `is_active` int(1) NOT NULL,
  PRIMARY KEY (`id`)
) ENGINE=InnoDB AUTO_INCREMENT=16 DEFAULT CHARSET=latin1;

#
# Data for table "user_sub_menu"
#

INSERT INTO `user_sub_menu` VALUES (1,1,'Beranda','dashboard','mdi mdi-speedometer',1),(2,2,'Gardu','gardu','mdi mdi-panorama-fisheye',1),(4,3,'Menu','menu','mdi mdi-folder ',1),(7,2,'JTM','jtm','mdi mdi-panorama-fisheye',1),(8,2,'WO','wo','mdi mdi-panorama-fisheye',1),(9,2,'Laporan Distribusi','lapdis','mdi mdi-panorama-fisheye',1),(11,3,'Submenu','menu/submenu','mdi mdi-table-large',1),(12,3,'Role Akses','menu/role','mdi mdi-account-plus',1),(13,3,'User Akses','menu/user_akses','mdi mdi-account-settings\r\n',1),(14,6,'Profil Saya','user','mdi mdi-account-circle',1),(15,6,'Edit Profil','user/edit','\t\r\nmdi mdi-tooltip-edit',1);

#
# Structure for table "user_sub_menu_sub"
#

DROP TABLE IF EXISTS `user_sub_menu_sub`;
CREATE TABLE `user_sub_menu_sub` (
  `Id` int(11) NOT NULL AUTO_INCREMENT,
  `menu_id` int(11) NOT NULL,
  `submenu_id` int(11) NOT NULL,
  `title` varchar(128) NOT NULL,
  `url` varchar(128) NOT NULL,
  `icon` varchar(128) NOT NULL,
  `is_active` int(1) NOT NULL,
  PRIMARY KEY (`Id`)
) ENGINE=InnoDB AUTO_INCREMENT=15 DEFAULT CHARSET=latin1;

#
# Data for table "user_sub_menu_sub"
#

INSERT INTO `user_sub_menu_sub` VALUES (3,2,7,'Inspeksi','jtm/inspeksi','mdi mdi-panorama-fisheye',1),(5,2,2,'Gangguan','gardu/gangguan','mdi mdi-panorama-fisheye',1),(6,2,2,'Inspeksi','gardu/inspeksi','mdi mdi-panorama-fisheye',1),(7,2,8,'Monitoring','wo/monitoring','mdi mdi-panorama-fisheye',1),(8,2,8,'Input WO','wo/inputwo','mdi mdi-panorama-fisheye',1),(9,2,9,'Pekerjaan Pemeliharaan','lapdis/pp\r\n','mdi mdi-panorama-fisheye',1),(11,2,9,'GSP','lapdis/gsp','mdi mdi-panorama-fisheye',1),(12,2,9,'SE 017','lapdis/se','mdi mdi-panorama-fisheye',1);
